date,canton,cases,sequenced,b117
2020-11-01,AG,110,0,0
2020-11-01,AI,3,0,0
2020-11-01,AR,14,0,0
2020-11-01,BE,299,0,0
2020-11-01,BL,59,0,0
2020-11-01,BS,51,0,0
2020-11-01,FL,22,0,0
2020-11-01,FR,337,0,0
2020-11-01,GE,370,0,0
2020-11-01,GL,6,0,0
2020-11-01,GR,37,0,0
2020-11-01,JU,94,0,0
2020-11-01,LU,74,0,0
2020-11-01,NE,133,0,0
2020-11-01,NW,8,0,0
2020-11-01,OW,3,0,0
2020-11-01,SG,95,0,0
2020-11-01,SH,16,0,0
2020-11-01,SO,78,0,0
2020-11-01,SZ,49,0,0
2020-11-01,TG,41,0,0
2020-11-01,TI,166,0,0
2020-11-01,UR,14,0,0
2020-11-01,VD,830,0,0
2020-11-01,VS,321,0,0
2020-11-01,ZG,38,0,0
2020-11-01,ZH,380,0,0
2020-11-02,AG,490,14,0
2020-11-02,AI,14,0,0
2020-11-02,AR,40,0,0
2020-11-02,BE,1013,33,0
2020-11-02,BL,177,20,0
2020-11-02,BS,110,1,0
2020-11-02,FL,45,0,0
2020-11-02,FR,866,0,0
2020-11-02,GE,1302,7,0
2020-11-02,GL,39,0,0
2020-11-02,GR,125,2,0
2020-11-02,JU,157,0,0
2020-11-02,LU,289,2,0
2020-11-02,NE,380,0,0
2020-11-02,NW,19,0,0
2020-11-02,OW,38,0,0
2020-11-02,SG,696,0,0
2020-11-02,SH,45,0,0
2020-11-02,SO,203,13,0
2020-11-02,SZ,151,2,0
2020-11-02,TG,241,0,0
2020-11-02,TI,502,3,0
2020-11-02,UR,25,0,0
2020-11-02,VD,1617,12,0
2020-11-02,VS,850,7,0
2020-11-02,ZG,62,0,0
2020-11-02,ZH,1060,9,0
2020-11-03,AG,426,2,0
2020-11-03,AI,22,0,0
2020-11-03,AR,64,0,0
2020-11-03,BE,835,5,0
2020-11-03,BL,137,12,0
2020-11-03,BS,104,0,0
2020-11-03,FL,35,0,0
2020-11-03,FR,825,0,0
2020-11-03,GE,1445,3,0
2020-11-03,GL,22,0,0
2020-11-03,GR,144,3,0
2020-11-03,JU,119,4,0
2020-11-03,LU,292,2,0
2020-11-03,NE,382,14,0
2020-11-03,NW,30,0,0
2020-11-03,OW,15,0,0
2020-11-03,SG,516,1,0
2020-11-03,SH,47,0,0
2020-11-03,SO,165,0,0
2020-11-03,SZ,84,0,0
2020-11-03,TG,203,1,0
2020-11-03,TI,389,1,0
2020-11-03,UR,18,0,0
2020-11-03,VD,1400,5,0
2020-11-03,VS,683,4,0
2020-11-03,ZG,71,0,0
2020-11-03,ZH,1154,7,0
2020-11-04,AG,415,15,0
2020-11-04,AI,9,0,0
2020-11-04,AR,36,0,0
2020-11-04,BE,777,13,0
2020-11-04,BL,131,39,0
2020-11-04,BS,98,3,0
2020-11-04,FL,39,0,0
2020-11-04,FR,699,0,0
2020-11-04,GE,1168,4,0
2020-11-04,GL,20,0,0
2020-11-04,GR,105,1,0
2020-11-04,JU,100,2,0
2020-11-04,LU,290,3,0
2020-11-04,NE,347,14,0
2020-11-04,NW,42,0,0
2020-11-04,OW,24,0,0
2020-11-04,SG,458,5,0
2020-11-04,SH,46,7,0
2020-11-04,SO,168,23,0
2020-11-04,SZ,103,3,0
2020-11-04,TG,168,0,0
2020-11-04,TI,355,5,0
2020-11-04,UR,15,0,0
2020-11-04,VD,1398,3,0
2020-11-04,VS,540,0,0
2020-11-04,ZG,76,0,0
2020-11-04,ZH,1119,15,0
2020-11-05,AG,428,0,0
2020-11-05,AI,8,0,0
2020-11-05,AR,35,0,0
2020-11-05,BE,640,0,0
2020-11-05,BL,103,0,0
2020-11-05,BS,91,1,0
2020-11-05,FL,39,0,0
2020-11-05,FR,688,0,0
2020-11-05,GE,1043,0,0
2020-11-05,GL,18,0,0
2020-11-05,GR,99,0,0
2020-11-05,JU,86,0,0
2020-11-05,LU,281,0,0
2020-11-05,NE,296,0,0
2020-11-05,NW,26,0,0
2020-11-05,OW,20,0,0
2020-11-05,SG,322,0,0
2020-11-05,SH,43,0,0
2020-11-05,SO,190,0,0
2020-11-05,SZ,71,0,0
2020-11-05,TG,170,0,0
2020-11-05,TI,327,0,0
2020-11-05,UR,12,0,0
2020-11-05,VD,1267,0,0
2020-11-05,VS,544,0,0
2020-11-05,ZG,61,0,0
2020-11-05,ZH,957,0,0
2020-11-06,AG,389,4,0
2020-11-06,AI,12,0,0
2020-11-06,AR,25,0,0
2020-11-06,BE,622,14,0
2020-11-06,BL,103,20,0
2020-11-06,BS,86,0,0
2020-11-06,FL,22,0,0
2020-11-06,FR,565,1,0
2020-11-06,GE,1035,10,0
2020-11-06,GL,19,0,0
2020-11-06,GR,80,0,0
2020-11-06,JU,69,0,0
2020-11-06,LU,237,0,0
2020-11-06,NE,263,0,0
2020-11-06,NW,28,0,0
2020-11-06,OW,12,0,0
2020-11-06,SG,465,0,0
2020-11-06,SH,41,4,0
2020-11-06,SO,125,19,0
2020-11-06,SZ,51,0,0
2020-11-06,TG,150,0,0
2020-11-06,TI,363,0,0
2020-11-06,UR,18,0,0
2020-11-06,VD,1181,14,0
2020-11-06,VS,458,3,0
2020-11-06,ZG,48,0,0
2020-11-06,ZH,932,10,0
2020-11-07,AG,168,3,0
2020-11-07,AI,3,0,0
2020-11-07,AR,6,0,0
2020-11-07,BE,367,42,0
2020-11-07,BL,50,22,0
2020-11-07,BS,48,3,0
2020-11-07,FL,15,0,0
2020-11-07,FR,398,0,0
2020-11-07,GE,495,5,0
2020-11-07,GL,7,0,0
2020-11-07,GR,55,3,0
2020-11-07,JU,59,0,0
2020-11-07,LU,148,0,0
2020-11-07,NE,132,20,0
2020-11-07,NW,15,0,0
2020-11-07,OW,19,0,0
2020-11-07,SG,131,0,0
2020-11-07,SH,31,0,0
2020-11-07,SO,81,15,0
2020-11-07,SZ,19,0,0
2020-11-07,TG,65,0,0
2020-11-07,TI,161,0,0
2020-11-07,UR,8,0,0
2020-11-07,VD,847,9,0
2020-11-07,VS,266,5,0
2020-11-07,ZG,50,0,0
2020-11-07,ZH,560,23,0
2020-11-08,AG,106,2,0
2020-11-08,AR,5,0,0
2020-11-08,BE,217,22,0
2020-11-08,BL,55,20,0
2020-11-08,BS,52,1,0
2020-11-08,FL,22,0,0
2020-11-08,FR,307,0,0
2020-11-08,GE,320,1,0
2020-11-08,GL,2,0,0
2020-11-08,GR,42,3,0
2020-11-08,JU,43,0,0
2020-11-08,LU,29,0,0
2020-11-08,NE,118,32,0
2020-11-08,NW,4,0,0
2020-11-08,OW,2,0,0
2020-11-08,SG,76,0,0
2020-11-08,SH,18,0,0
2020-11-08,SO,71,27,0
2020-11-08,SZ,11,5,0
2020-11-08,TG,29,0,0
2020-11-08,TI,124,0,0
2020-11-08,UR,3,0,0
2020-11-08,VD,745,0,0
2020-11-08,VS,191,0,0
2020-11-08,ZG,37,0,0
2020-11-08,ZH,372,20,0
2020-11-09,AG,469,13,0
2020-11-09,AI,14,0,0
2020-11-09,AR,80,0,0
2020-11-09,BE,738,21,4
2020-11-09,BL,161,20,0
2020-11-09,BS,122,3,0
2020-11-09,FL,49,0,0
2020-11-09,FR,605,4,1
2020-11-09,GE,1074,6,0
2020-11-09,GL,49,0,0
2020-11-09,GR,165,5,0
2020-11-09,JU,94,0,0
2020-11-09,LU,280,6,0
2020-11-09,NE,266,25,3
2020-11-09,NW,21,0,0
2020-11-09,OW,31,1,0
2020-11-09,SG,607,0,0
2020-11-09,SH,56,23,0
2020-11-09,SO,170,21,0
2020-11-09,SZ,93,1,0
2020-11-09,TG,216,0,0
2020-11-09,TI,495,0,0
2020-11-09,UR,14,0,0
2020-11-09,VD,1369,7,0
2020-11-09,VS,554,4,0
2020-11-09,ZG,58,0,0
2020-11-09,ZH,882,8,3
2020-11-10,AG,319,1,0
2020-11-10,AI,13,0,0
2020-11-10,AR,27,0,0
2020-11-10,BE,612,28,0
2020-11-10,BL,144,13,0
2020-11-10,BS,125,3,0
2020-11-10,FL,35,0,0
2020-11-10,FR,609,0,0
2020-11-10,GE,942,2,0
2020-11-10,GL,17,0,0
2020-11-10,GR,92,0,0
2020-11-10,JU,66,0,0
2020-11-10,LU,227,0,0
2020-11-10,NE,225,0,0
2020-11-10,NW,14,0,0
2020-11-10,OW,30,0,0
2020-11-10,SG,413,0,0
2020-11-10,SH,35,0,0
2020-11-10,SO,142,0,0
2020-11-10,SZ,71,0,0
2020-11-10,TG,151,1,0
2020-11-10,TI,399,4,0
2020-11-10,UR,12,0,0
2020-11-10,VD,1308,2,0
2020-11-10,VS,426,0,0
2020-11-10,ZG,44,0,0
2020-11-10,ZH,924,2,0
2020-11-11,AG,339,0,0
2020-11-11,AI,5,0,0
2020-11-11,AR,28,0,0
2020-11-11,BE,527,0,0
2020-11-11,BL,133,0,0
2020-11-11,BS,109,0,0
2020-11-11,FL,23,0,0
2020-11-11,FR,443,0,0
2020-11-11,GE,768,1,0
2020-11-11,GL,19,0,0
2020-11-11,GR,74,0,0
2020-11-11,JU,55,0,0
2020-11-11,LU,255,0,0
2020-11-11,NE,204,0,0
2020-11-11,NW,13,0,0
2020-11-11,OW,32,0,0
2020-11-11,SG,355,0,0
2020-11-11,SH,45,0,0
2020-11-11,SO,151,0,0
2020-11-11,SZ,56,0,0
2020-11-11,TG,136,0,0
2020-11-11,TI,310,0,0
2020-11-11,UR,15,0,0
2020-11-11,VD,1018,0,0
2020-11-11,VS,343,0,0
2020-11-11,ZG,67,0,0
2020-11-11,ZH,853,0,0
2020-11-12,AG,353,3,0
2020-11-12,AI,7,0,0
2020-11-12,AR,23,0,0
2020-11-12,BE,533,9,3
2020-11-12,BL,140,33,0
2020-11-12,BS,156,9,0
2020-11-12,FL,21,0,0
2020-11-12,FR,393,1,0
2020-11-12,GE,689,2,0
2020-11-12,GL,8,0,0
2020-11-12,GR,88,0,0
2020-11-12,JU,54,0,0
2020-11-12,LU,172,0,0
2020-11-12,NE,177,2,0
2020-11-12,NW,19,0,0
2020-11-12,OW,26,1,0
2020-11-12,SG,320,0,0
2020-11-12,SH,50,10,0
2020-11-12,SO,124,23,0
2020-11-12,SZ,61,4,0
2020-11-12,TG,105,0,0
2020-11-12,TI,350,0,0
2020-11-12,UR,13,0,0
2020-11-12,VD,954,2,0
2020-11-12,VS,318,3,0
2020-11-12,ZG,76,0,0
2020-11-12,ZH,753,7,0
2020-11-13,AG,297,4,0
2020-11-13,AI,10,0,0
2020-11-13,AR,23,0,0
2020-11-13,BE,494,9,0
2020-11-13,BL,117,6,0
2020-11-13,BS,138,4,0
2020-11-13,FL,25,0,0
2020-11-13,FR,386,0,0
2020-11-13,GE,607,0,0
2020-11-13,GL,23,0,0
2020-11-13,GR,91,1,0
2020-11-13,JU,55,0,0
2020-11-13,LU,211,1,0
2020-11-13,NE,205,8,0
2020-11-13,NW,16,0,0
2020-11-13,OW,19,1,0
2020-11-13,SG,342,2,0
2020-11-13,SH,31,0,0
2020-11-13,SO,105,15,0
2020-11-13,SZ,56,0,0
2020-11-13,TG,117,1,0
2020-11-13,TI,308,0,0
2020-11-13,UR,46,0,0
2020-11-13,VD,870,0,0
2020-11-13,VS,303,1,0
2020-11-13,ZG,51,0,0
2020-11-13,ZH,758,5,0
2020-11-14,AG,141,2,0
2020-11-14,AI,3,0,0
2020-11-14,AR,11,0,0
2020-11-14,BE,320,2,0
2020-11-14,BL,82,1,0
2020-11-14,BS,73,2,0
2020-11-14,FL,18,0,0
2020-11-14,FR,215,0,0
2020-11-14,GE,283,0,0
2020-11-14,GR,36,0,0
2020-11-14,JU,26,0,0
2020-11-14,LU,129,0,0
2020-11-14,NE,106,0,0
2020-11-14,NW,12,0,0
2020-11-14,OW,23,0,0
2020-11-14,SG,113,0,0
2020-11-14,SH,21,0,0
2020-11-14,SO,47,9,0
2020-11-14,SZ,25,0,0
2020-11-14,TG,55,0,0
2020-11-14,TI,127,0,0
2020-11-14,UR,18,0,0
2020-11-14,VD,641,1,0
2020-11-14,VS,180,2,0
2020-11-14,ZG,40,0,0
2020-11-14,ZH,476,1,0
2020-11-15,AG,142,12,0
2020-11-15,AI,1,0,0
2020-11-15,AR,7,0,0
2020-11-15,BE,195,8,0
2020-11-15,BL,72,2,0
2020-11-15,BS,76,6,0
2020-11-15,FL,11,0,0
2020-11-15,FR,141,0,0
2020-11-15,GE,199,0,0
2020-11-15,GR,41,0,0
2020-11-15,JU,15,0,0
2020-11-15,LU,57,0,0
2020-11-15,NE,70,24,0
2020-11-15,NW,15,0,0
2020-11-15,OW,2,0,0
2020-11-15,SG,77,0,0
2020-11-15,SH,25,0,0
2020-11-15,SO,61,5,0
2020-11-15,SZ,21,4,0
2020-11-15,TG,36,0,0
2020-11-15,TI,133,0,0
2020-11-15,UR,10,0,0
2020-11-15,VD,382,1,0
2020-11-15,VS,119,0,0
2020-11-15,ZG,34,0,0
2020-11-15,ZH,383,11,0
2020-11-16,AG,401,6,0
2020-11-16,AI,9,0,0
2020-11-16,AR,61,0,0
2020-11-16,BE,597,13,0
2020-11-16,BL,187,3,0
2020-11-16,BS,170,0,0
2020-11-16,FL,26,0,0
2020-11-16,FR,327,0,0
2020-11-16,GE,575,0,0
2020-11-16,GL,21,0,0
2020-11-16,GR,132,1,0
2020-11-16,JU,62,0,0
2020-11-16,LU,278,4,0
2020-11-16,NE,190,0,0
2020-11-16,NW,10,0,0
2020-11-16,OW,36,1,0
2020-11-16,SG,533,0,0
2020-11-16,SH,54,20,0
2020-11-16,SO,184,21,0
2020-11-16,SZ,93,1,0
2020-11-16,TG,187,2,0
2020-11-16,TI,358,6,0
2020-11-16,UR,32,0,0
2020-11-16,VD,805,1,0
2020-11-16,VS,323,1,0
2020-11-16,ZG,66,0,0
2020-11-16,ZH,891,26,0
2020-11-17,AG,367,5,0
2020-11-17,AI,3,0,0
2020-11-17,AR,31,0,0
2020-11-17,BE,502,13,0
2020-11-17,BL,162,21,0
2020-11-17,BS,121,0,0
2020-11-17,FL,35,0,0
2020-11-17,FR,268,0,0
2020-11-17,GE,443,2,0
2020-11-17,GL,16,0,0
2020-11-17,GR,108,1,0
2020-11-17,JU,35,0,0
2020-11-17,LU,223,0,0
2020-11-17,NE,177,4,0
2020-11-17,NW,10,0,0
2020-11-17,OW,13,0,0
2020-11-17,SG,403,0,0
2020-11-17,SH,52,3,0
2020-11-17,SO,136,8,0
2020-11-17,SZ,58,1,0
2020-11-17,TG,128,0,0
2020-11-17,TI,248,1,0
2020-11-17,UR,22,0,0
2020-11-17,VD,670,5,0
2020-11-17,VS,282,1,0
2020-11-17,ZG,70,0,0
2020-11-17,ZH,868,1,0
2020-11-18,AG,377,0,0
2020-11-18,AI,6,0,0
2020-11-18,AR,27,0,0
2020-11-18,BE,445,5,0
2020-11-18,BL,169,2,0
2020-11-18,BS,108,0,0
2020-11-18,FL,19,0,0
2020-11-18,FR,227,1,0
2020-11-18,GE,369,1,0
2020-11-18,GL,12,0,0
2020-11-18,GR,103,4,0
2020-11-18,JU,38,0,0
2020-11-18,LU,190,0,0
2020-11-18,NE,124,5,0
2020-11-18,NW,10,0,0
2020-11-18,OW,33,0,0
2020-11-18,SG,333,0,0
2020-11-18,SH,52,2,0
2020-11-18,SO,138,2,0
2020-11-18,SZ,64,2,0
2020-11-18,TG,132,0,0
2020-11-18,TI,246,1,0
2020-11-18,UR,5,0,0
2020-11-18,VD,572,2,0
2020-11-18,VS,213,1,0
2020-11-18,ZG,65,0,0
2020-11-18,ZH,800,5,0
2020-11-19,AG,313,9,0
2020-11-19,AI,7,0,0
2020-11-19,AR,22,0,0
2020-11-19,BE,490,9,0
2020-11-19,BL,123,6,0
2020-11-19,BS,93,2,0
2020-11-19,FL,19,0,0
2020-11-19,FR,164,0,0
2020-11-19,GE,347,0,0
2020-11-19,GL,11,0,0
2020-11-19,GR,94,1,0
2020-11-19,JU,48,0,0
2020-11-19,LU,191,0,0
2020-11-19,NE,97,0,0
2020-11-19,NW,14,1,0
2020-11-19,OW,23,0,0
2020-11-19,SG,301,1,0
2020-11-19,SH,42,0,0
2020-11-19,SO,107,18,0
2020-11-19,SZ,64,0,0
2020-11-19,TG,124,0,0
2020-11-19,TI,250,3,0
2020-11-19,UR,37,0,0
2020-11-19,VD,540,0,0
2020-11-19,VS,195,0,0
2020-11-19,ZG,45,0,0
2020-11-19,ZH,751,7,0
2020-11-20,AG,379,10,0
2020-11-20,AI,4,0,0
2020-11-20,AR,25,0,0
2020-11-20,BE,403,13,0
2020-11-20,BL,136,9,0
2020-11-20,BS,98,2,0
2020-11-20,FL,16,0,0
2020-11-20,FR,183,0,0
2020-11-20,GE,265,0,0
2020-11-20,GL,9,0,0
2020-11-20,GR,101,1,0
2020-11-20,JU,31,1,0
2020-11-20,LU,251,4,0
2020-11-20,NE,96,4,0
2020-11-20,NW,17,0,0
2020-11-20,OW,19,1,0
2020-11-20,SG,344,0,0
2020-11-20,SH,46,0,0
2020-11-20,SO,89,12,0
2020-11-20,SZ,55,3,0
2020-11-20,TG,111,0,0
2020-11-20,TI,282,0,0
2020-11-20,UR,9,0,0
2020-11-20,VD,464,0,0
2020-11-20,VS,151,0,0
2020-11-20,ZG,61,0,0
2020-11-20,ZH,693,3,0
2020-11-21,AG,183,15,0
2020-11-21,AI,4,0,0
2020-11-21,AR,6,0,0
2020-11-21,BE,275,10,0
2020-11-21,BL,98,23,0
2020-11-21,BS,83,10,0
2020-11-21,FL,14,0,0
2020-11-21,FR,104,1,0
2020-11-21,GE,165,0,0
2020-11-21,GL,9,0,0
2020-11-21,GR,56,3,0
2020-11-21,JU,22,0,0
2020-11-21,LU,34,1,0
2020-11-21,NE,61,5,0
2020-11-21,NW,7,0,0
2020-11-21,OW,7,0,0
2020-11-21,SG,111,3,0
2020-11-21,SH,23,0,0
2020-11-21,SO,66,17,0
2020-11-21,SZ,29,6,0
2020-11-21,TG,57,1,0
2020-11-21,TI,149,0,0
2020-11-21,UR,13,0,0
2020-11-21,VD,371,0,0
2020-11-21,VS,119,1,0
2020-11-21,ZG,50,0,0
2020-11-21,ZH,469,9,0
2020-11-22,AG,116,2,0
2020-11-22,AI,1,0,0
2020-11-22,AR,4,0,0
2020-11-22,BE,197,0,0
2020-11-22,BL,67,13,0
2020-11-22,BS,47,0,0
2020-11-22,FL,31,0,0
2020-11-22,FR,84,0,0
2020-11-22,GE,109,0,0
2020-11-22,GL,5,0,0
2020-11-22,GR,35,0,0
2020-11-22,JU,13,0,0
2020-11-22,LU,73,0,0
2020-11-22,NE,44,6,0
2020-11-22,NW,6,0,0
2020-11-22,OW,8,0,0
2020-11-22,SG,60,1,0
2020-11-22,SH,15,5,0
2020-11-22,SO,81,2,0
2020-11-22,SZ,22,0,0
2020-11-22,TG,46,0,0
2020-11-22,TI,122,0,0
2020-11-22,UR,13,0,0
2020-11-22,VD,257,0,0
2020-11-22,VS,94,0,0
2020-11-22,ZG,26,0,0
2020-11-22,ZH,326,29,0
2020-11-23,AG,462,1,0
2020-11-23,AI,6,0,0
2020-11-23,AR,59,0,0
2020-11-23,BE,610,6,0
2020-11-23,BL,185,7,0
2020-11-23,BS,124,2,0
2020-11-23,FL,28,0,0
2020-11-23,FR,190,0,0
2020-11-23,GE,305,0,0
2020-11-23,GL,30,0,0
2020-11-23,GR,151,0,0
2020-11-23,JU,32,0,0
2020-11-23,LU,186,0,0
2020-11-23,NE,122,0,0
2020-11-23,NW,5,0,0
2020-11-23,OW,30,0,0
2020-11-23,SG,491,4,0
2020-11-23,SH,47,8,0
2020-11-23,SO,171,0,0
2020-11-23,SZ,87,0,0
2020-11-23,TG,188,0,0
2020-11-23,TI,320,0,0
2020-11-23,UR,17,0,0
2020-11-23,VD,544,3,0
2020-11-23,VS,220,1,0
2020-11-23,ZG,49,0,0
2020-11-23,ZH,803,5,0
2020-11-24,AG,395,1,0
2020-11-24,AI,2,0,0
2020-11-24,AR,37,0,0
2020-11-24,BE,460,4,0
2020-11-24,BL,150,1,0
2020-11-24,BS,124,0,0
2020-11-24,FL,22,0,0
2020-11-24,FR,134,1,0
2020-11-24,GE,340,0,0
2020-11-24,GL,14,0,0
2020-11-24,GR,96,1,0
2020-11-24,JU,33,0,0
2020-11-24,LU,201,2,0
2020-11-24,NE,85,0,0
2020-11-24,NW,16,0,0
2020-11-24,OW,22,0,0
2020-11-24,SG,352,1,0
2020-11-24,SH,52,2,0
2020-11-24,SO,136,0,0
2020-11-24,SZ,72,0,0
2020-11-24,TG,157,1,0
2020-11-24,TI,197,3,0
2020-11-24,UR,11,1,0
2020-11-24,VD,366,0,0
2020-11-24,VS,165,8,0
2020-11-24,ZG,57,0,0
2020-11-24,ZH,759,1,0
2020-11-25,AG,339,20,0
2020-11-25,AI,8,0,0
2020-11-25,AR,20,0,0
2020-11-25,BE,463,2,0
2020-11-25,BL,176,31,0
2020-11-25,BS,117,3,0
2020-11-25,FL,30,0,0
2020-11-25,FR,140,0,0
2020-11-25,GE,204,0,0
2020-11-25,GL,13,0,0
2020-11-25,GR,88,1,0
2020-11-25,JU,46,0,0
2020-11-25,LU,197,2,0
2020-11-25,NE,117,0,0
2020-11-25,NW,18,0,0
2020-11-25,OW,22,0,0
2020-11-25,SG,332,0,0
2020-11-25,SH,41,0,0
2020-11-25,SO,134,21,0
2020-11-25,SZ,60,3,0
2020-11-25,TG,121,0,0
2020-11-25,TI,219,0,0
2020-11-25,UR,9,0,0
2020-11-25,VD,424,0,0
2020-11-25,VS,145,3,0
2020-11-25,ZG,58,0,0
2020-11-25,ZH,791,7,0
2020-11-26,AG,338,22,0
2020-11-26,AI,5,0,0
2020-11-26,AR,28,0,0
2020-11-26,BE,435,10,0
2020-11-26,BL,149,5,0
2020-11-26,BS,101,2,0
2020-11-26,FL,17,0,0
2020-11-26,FR,110,0,0
2020-11-26,GE,226,0,0
2020-11-26,GL,8,0,0
2020-11-26,GR,91,0,0
2020-11-26,JU,42,0,0
2020-11-26,LU,157,5,0
2020-11-26,NE,80,0,0
2020-11-26,NW,6,0,0
2020-11-26,OW,8,0,0
2020-11-26,SG,236,1,0
2020-11-26,SH,46,10,0
2020-11-26,SO,125,6,0
2020-11-26,SZ,52,0,0
2020-11-26,TG,128,1,0
2020-11-26,TI,277,0,0
2020-11-26,UR,17,0,0
2020-11-26,VD,404,5,0
2020-11-26,VS,142,4,0
2020-11-26,ZG,50,0,0
2020-11-26,ZH,692,8,0
2020-11-27,AG,326,4,0
2020-11-27,AI,5,0,0
2020-11-27,AR,34,0,0
2020-11-27,BE,414,6,0
2020-11-27,BL,129,3,0
2020-11-27,BS,99,0,0
2020-11-27,FL,6,0,0
2020-11-27,FR,109,0,0
2020-11-27,GE,227,0,0
2020-11-27,GL,15,0,0
2020-11-27,GR,86,1,0
2020-11-27,JU,32,0,0
2020-11-27,LU,180,0,0
2020-11-27,NE,102,0,0
2020-11-27,NW,12,0,0
2020-11-27,OW,12,0,0
2020-11-27,SG,409,5,0
2020-11-27,SH,45,1,0
2020-11-27,SO,113,8,0
2020-11-27,SZ,71,0,0
2020-11-27,TG,140,0,0
2020-11-27,TI,240,0,0
2020-11-27,UR,9,0,0
2020-11-27,VD,325,0,0
2020-11-27,VS,156,2,0
2020-11-27,ZG,56,0,0
2020-11-27,ZH,724,5,0
2020-11-28,AG,183,0,0
2020-11-28,AR,7,0,0
2020-11-28,BE,261,3,0
2020-11-28,BL,81,0,0
2020-11-28,BS,66,0,0
2020-11-28,FL,16,0,0
2020-11-28,FR,74,0,0
2020-11-28,GE,126,0,0
2020-11-28,GL,5,0,0
2020-11-28,GR,49,3,0
2020-11-28,JU,16,0,0
2020-11-28,LU,94,0,0
2020-11-28,NE,45,0,0
2020-11-28,NW,6,0,0
2020-11-28,OW,5,0,0
2020-11-28,SG,145,0,0
2020-11-28,SH,34,0,0
2020-11-28,SO,89,0,0
2020-11-28,SZ,35,0,0
2020-11-28,TG,68,0,0
2020-11-28,TI,138,0,0
2020-11-28,UR,8,0,0
2020-11-28,VD,220,0,0
2020-11-28,VS,77,0,0
2020-11-28,ZG,34,0,0
2020-11-28,ZH,445,6,0
2020-11-29,AG,130,0,0
2020-11-29,AI,2,0,0
2020-11-29,AR,6,0,0
2020-11-29,BE,186,4,0
2020-11-29,BL,81,4,0
2020-11-29,BS,59,0,0
2020-11-29,FL,11,0,0
2020-11-29,FR,49,0,0
2020-11-29,GE,70,0,0
2020-11-29,GL,2,0,0
2020-11-29,GR,39,0,0
2020-11-29,JU,12,0,0
2020-11-29,LU,57,0,0
2020-11-29,NE,43,9,0
2020-11-29,NW,6,0,0
2020-11-29,OW,3,0,0
2020-11-29,SG,85,0,0
2020-11-29,SH,25,0,0
2020-11-29,SO,55,16,0
2020-11-29,SZ,24,0,0
2020-11-29,TG,27,0,0
2020-11-29,TI,113,0,0
2020-11-29,UR,5,0,0
2020-11-29,VD,191,1,0
2020-11-29,VS,74,0,0
2020-11-29,ZG,17,0,0
2020-11-29,ZH,331,8,0
2020-11-30,AG,455,2,0
2020-11-30,AI,7,0,0
2020-11-30,AR,39,1,0
2020-11-30,BE,523,37,0
2020-11-30,BL,197,4,0
2020-11-30,BS,114,0,0
2020-11-30,FL,33,0,0
2020-11-30,FR,187,2,0
2020-11-30,GE,256,1,0
2020-11-30,GL,17,0,0
2020-11-30,GR,154,1,0
2020-11-30,JU,22,1,0
2020-11-30,LU,224,0,0
2020-11-30,NE,119,3,0
2020-11-30,NW,12,0,0
2020-11-30,OW,13,0,0
2020-11-30,SG,580,3,0
2020-11-30,SH,51,12,0
2020-11-30,SO,180,21,0
2020-11-30,SZ,99,2,0
2020-11-30,TG,211,2,0
2020-11-30,TI,327,4,0
2020-11-30,UR,16,0,0
2020-11-30,VD,358,2,0
2020-11-30,VS,163,3,0
2020-11-30,ZG,62,0,0
2020-11-30,ZH,885,16,0
2020-12-01,AG,344,0,0
2020-12-01,AI,6,0,0
2020-12-01,AR,45,1,0
2020-12-01,BE,415,16,0
2020-12-01,BL,156,3,0
2020-12-01,BS,106,1,0
2020-12-01,FL,24,0,0
2020-12-01,FR,129,1,0
2020-12-01,GE,207,0,0
2020-12-01,GL,14,0,0
2020-12-01,GR,93,6,0
2020-12-01,JU,26,0,0
2020-12-01,LU,181,2,0
2020-12-01,NE,88,0,0
2020-12-01,NW,9,0,0
2020-12-01,OW,20,0,0
2020-12-01,SG,372,3,0
2020-12-01,SH,41,0,0
2020-12-01,SO,170,4,0
2020-12-01,SZ,76,3,0
2020-12-01,TG,155,2,0
2020-12-01,TI,284,0,0
2020-12-01,UR,16,0,0
2020-12-01,VD,317,0,0
2020-12-01,VS,126,1,0
2020-12-01,ZG,59,1,0
2020-12-01,ZH,796,10,0
2020-12-02,AG,371,12,0
2020-12-02,AI,4,0,0
2020-12-02,AR,26,0,0
2020-12-02,BE,505,24,0
2020-12-02,BL,152,6,0
2020-12-02,BS,104,1,0
2020-12-02,FL,15,0,0
2020-12-02,FR,109,0,0
2020-12-02,GE,174,0,0
2020-12-02,GL,22,0,0
2020-12-02,GR,100,4,0
2020-12-02,JU,13,0,0
2020-12-02,LU,168,5,0
2020-12-02,NE,86,0,0
2020-12-02,NW,19,0,0
2020-12-02,OW,13,0,0
2020-12-02,SG,397,5,0
2020-12-02,SH,49,23,0
2020-12-02,SO,137,11,0
2020-12-02,SZ,78,6,0
2020-12-02,TG,158,1,0
2020-12-02,TI,250,0,0
2020-12-02,UR,18,0,0
2020-12-02,VD,375,0,0
2020-12-02,VS,120,3,0
2020-12-02,ZG,62,1,0
2020-12-02,ZH,912,4,0
2020-12-03,AG,392,16,0
2020-12-03,AI,3,0,0
2020-12-03,AR,37,0,0
2020-12-03,BE,430,15,0
2020-12-03,BL,145,5,0
2020-12-03,BS,96,0,0
2020-12-03,FL,17,0,0
2020-12-03,FR,119,0,0
2020-12-03,GE,196,3,0
2020-12-03,GL,27,0,0
2020-12-03,GR,120,8,0
2020-12-03,JU,23,0,0
2020-12-03,LU,224,1,0
2020-12-03,NE,67,6,0
2020-12-03,NW,21,0,0
2020-12-03,OW,13,0,0
2020-12-03,SG,347,1,0
2020-12-03,SH,52,2,0
2020-12-03,SO,201,21,0
2020-12-03,SZ,75,6,0
2020-12-03,TG,171,1,0
2020-12-03,TI,251,4,0
2020-12-03,UR,8,0,0
2020-12-03,VD,365,1,0
2020-12-03,VS,126,3,0
2020-12-03,ZG,50,0,0
2020-12-03,ZH,760,19,0
2020-12-04,AG,377,5,0
2020-12-04,AI,6,0,0
2020-12-04,AR,28,0,0
2020-12-04,BE,528,1,0
2020-12-04,BL,178,2,0
2020-12-04,BS,112,0,0
2020-12-04,FL,17,0,0
2020-12-04,FR,127,0,0
2020-12-04,GE,146,0,0
2020-12-04,GL,33,0,0
2020-12-04,GR,107,2,0
2020-12-04,JU,14,0,0
2020-12-04,LU,208,0,0
2020-12-04,NE,69,0,0
2020-12-04,NW,23,0,0
2020-12-04,OW,17,0,0
2020-12-04,SG,414,0,0
2020-12-04,SH,58,3,0
2020-12-04,SO,165,9,0
2020-12-04,SZ,69,0,0
2020-12-04,TG,182,1,0
2020-12-04,TI,236,0,0
2020-12-04,UR,15,0,0
2020-12-04,VD,349,1,0
2020-12-04,VS,137,3,0
2020-12-04,ZG,60,0,0
2020-12-04,ZH,903,4,0
2020-12-05,AG,201,0,0
2020-12-05,AI,2,0,0
2020-12-05,AR,8,0,0
2020-12-05,BE,330,11,0
2020-12-05,BL,80,1,0
2020-12-05,BS,67,0,0
2020-12-05,FL,13,0,0
2020-12-05,FR,69,0,0
2020-12-05,GE,95,0,0
2020-12-05,GL,4,0,0
2020-12-05,GR,48,0,0
2020-12-05,JU,12,0,0
2020-12-05,LU,104,0,0
2020-12-05,NE,41,0,0
2020-12-05,NW,15,0,0
2020-12-05,OW,8,0,0
2020-12-05,SG,140,0,0
2020-12-05,SH,22,0,0
2020-12-05,SO,88,0,0
2020-12-05,SZ,49,0,0
2020-12-05,TG,73,0,0
2020-12-05,TI,134,0,0
2020-12-05,UR,12,0,0
2020-12-05,VD,251,0,0
2020-12-05,VS,62,0,0
2020-12-05,ZG,32,0,0
2020-12-05,ZH,571,1,0
2020-12-06,AG,148,0,0
2020-12-06,AR,6,0,0
2020-12-06,BE,249,19,0
2020-12-06,BL,116,1,0
2020-12-06,BS,66,1,0
2020-12-06,FL,4,0,0
2020-12-06,FR,57,0,0
2020-12-06,GE,68,0,0
2020-12-06,GL,3,0,0
2020-12-06,GR,41,5,0
2020-12-06,JU,12,0,0
2020-12-06,LU,41,0,0
2020-12-06,NE,38,0,0
2020-12-06,NW,15,0,0
2020-12-06,SG,74,0,0
2020-12-06,SH,22,0,0
2020-12-06,SO,66,0,0
2020-12-06,SZ,33,0,0
2020-12-06,TG,49,0,0
2020-12-06,TI,101,0,0
2020-12-06,UR,14,0,0
2020-12-06,VD,166,0,0
2020-12-06,VS,63,0,0
2020-12-06,ZG,32,1,0
2020-12-06,ZH,458,0,0
2020-12-07,AG,526,9,0
2020-12-07,AI,15,0,0
2020-12-07,AR,54,0,0
2020-12-07,BE,600,16,0
2020-12-07,BL,213,13,0
2020-12-07,BS,132,2,0
2020-12-07,FL,23,0,0
2020-12-07,FR,107,0,0
2020-12-07,GE,226,0,0
2020-12-07,GL,41,0,0
2020-12-07,GR,150,7,0
2020-12-07,JU,34,0,0
2020-12-07,LU,308,1,0
2020-12-07,NE,91,0,0
2020-12-07,NW,14,0,0
2020-12-07,OW,22,0,0
2020-12-07,SG,614,0,0
2020-12-07,SH,46,4,0
2020-12-07,SO,218,16,0
2020-12-07,SZ,111,0,0
2020-12-07,TG,289,0,0
2020-12-07,TI,337,0,0
2020-12-07,UR,14,0,0
2020-12-07,VD,370,2,0
2020-12-07,VS,178,5,0
2020-12-07,ZG,45,0,0
2020-12-07,ZH,1072,17,0
2020-12-08,AG,452,0,0
2020-12-08,AI,6,0,0
2020-12-08,AR,36,0,0
2020-12-08,BE,604,8,0
2020-12-08,BL,206,0,0
2020-12-08,BS,113,0,0
2020-12-08,FL,16,0,0
2020-12-08,FR,88,0,0
2020-12-08,GE,187,0,0
2020-12-08,GL,28,0,0
2020-12-08,GR,102,0,0
2020-12-08,JU,19,0,0
2020-12-08,LU,156,0,0
2020-12-08,NE,63,0,0
2020-12-08,NW,14,0,0
2020-12-08,OW,4,0,0
2020-12-08,SG,494,0,0
2020-12-08,SH,44,1,0
2020-12-08,SO,166,0,0
2020-12-08,SZ,41,0,0
2020-12-08,TG,226,0,0
2020-12-08,TI,152,0,0
2020-12-08,UR,10,0,0
2020-12-08,VD,288,0,0
2020-12-08,VS,78,0,0
2020-12-08,ZG,43,0,0
2020-12-08,ZH,1050,10,0
2020-12-09,AG,465,10,0
2020-12-09,AI,14,0,0
2020-12-09,AR,33,0,0
2020-12-09,BE,610,2,0
2020-12-09,BL,194,1,0
2020-12-09,BS,111,0,0
2020-12-09,FL,21,0,0
2020-12-09,FR,122,0,0
2020-12-09,GE,155,0,0
2020-12-09,GL,27,0,0
2020-12-09,GR,123,0,0
2020-12-09,JU,20,0,0
2020-12-09,LU,295,2,0
2020-12-09,NE,80,0,0
2020-12-09,NW,20,0,0
2020-12-09,OW,17,0,0
2020-12-09,SG,430,0,0
2020-12-09,SH,47,0,0
2020-12-09,SO,237,7,0
2020-12-09,SZ,155,2,0
2020-12-09,TG,208,0,0
2020-12-09,TI,398,0,0
2020-12-09,UR,16,0,0
2020-12-09,VD,326,0,0
2020-12-09,VS,146,5,0
2020-12-09,ZG,60,0,0
2020-12-09,ZH,931,6,0
2020-12-10,AG,421,3,0
2020-12-10,AI,7,0,0
2020-12-10,AR,25,0,0
2020-12-10,BE,512,2,0
2020-12-10,BL,173,7,0
2020-12-10,BS,122,1,0
2020-12-10,FL,23,0,0
2020-12-10,FR,105,0,0
2020-12-10,GE,154,1,0
2020-12-10,GL,25,0,0
2020-12-10,GR,114,3,0
2020-12-10,JU,19,0,0
2020-12-10,LU,247,0,0
2020-12-10,NE,55,0,0
2020-12-10,NW,19,0,0
2020-12-10,OW,8,0,0
2020-12-10,SG,400,1,0
2020-12-10,SH,40,0,0
2020-12-10,SO,189,0,0
2020-12-10,SZ,124,0,0
2020-12-10,TG,162,0,0
2020-12-10,TI,297,0,0
2020-12-10,UR,11,0,0
2020-12-10,VD,282,0,0
2020-12-10,VS,116,1,0
2020-12-10,ZG,45,0,0
2020-12-10,ZH,966,0,0
2020-12-11,AG,447,0,0
2020-12-11,AI,8,0,0
2020-12-11,AR,31,0,0
2020-12-11,BE,542,1,0
2020-12-11,BL,181,0,0
2020-12-11,BS,104,1,0
2020-12-11,FL,30,0,0
2020-12-11,FR,108,0,0
2020-12-11,GE,155,0,0
2020-12-11,GL,52,0,0
2020-12-11,GR,132,3,0
2020-12-11,JU,12,0,0
2020-12-11,LU,285,0,0
2020-12-11,NE,69,0,0
2020-12-11,NW,14,0,0
2020-12-11,OW,10,0,0
2020-12-11,SG,385,1,0
2020-12-11,SH,45,0,0
2020-12-11,SO,151,0,0
2020-12-11,SZ,109,1,0
2020-12-11,TG,189,0,0
2020-12-11,TI,313,0,0
2020-12-11,UR,19,0,0
2020-12-11,VD,250,0,0
2020-12-11,VS,122,7,0
2020-12-11,ZG,59,0,0
2020-12-11,ZH,886,2,0
2020-12-12,AG,256,2,0
2020-12-12,AI,7,0,0
2020-12-12,AR,15,0,0
2020-12-12,BE,349,6,0
2020-12-12,BL,74,3,0
2020-12-12,BS,69,0,0
2020-12-12,FL,27,0,0
2020-12-12,FR,66,0,0
2020-12-12,GE,101,0,0
2020-12-12,GL,3,0,0
2020-12-12,GR,117,0,0
2020-12-12,JU,20,0,0
2020-12-12,LU,202,2,0
2020-12-12,NE,42,0,0
2020-12-12,NW,12,0,0
2020-12-12,OW,7,0,0
2020-12-12,SG,166,0,0
2020-12-12,SH,31,7,0
2020-12-12,SO,138,36,0
2020-12-12,SZ,51,0,0
2020-12-12,TG,98,1,0
2020-12-12,TI,176,0,0
2020-12-12,UR,11,0,0
2020-12-12,VD,199,1,0
2020-12-12,VS,72,3,0
2020-12-12,ZG,44,0,0
2020-12-12,ZH,537,0,0
2020-12-13,AG,147,1,0
2020-12-13,AI,2,0,0
2020-12-13,AR,3,0,0
2020-12-13,BE,259,17,0
2020-12-13,BL,83,1,0
2020-12-13,BS,53,0,0
2020-12-13,FL,31,0,0
2020-12-13,FR,60,0,0
2020-12-13,GE,78,0,0
2020-12-13,GL,4,0,0
2020-12-13,GR,70,0,0
2020-12-13,JU,12,0,0
2020-12-13,LU,83,0,0
2020-12-13,NE,31,0,0
2020-12-13,NW,15,0,0
2020-12-13,OW,2,0,0
2020-12-13,SG,109,0,0
2020-12-13,SH,34,0,0
2020-12-13,SO,86,0,0
2020-12-13,SZ,40,1,0
2020-12-13,TG,58,0,0
2020-12-13,TI,136,0,0
2020-12-13,UR,17,0,0
2020-12-13,VD,146,1,0
2020-12-13,VS,70,0,0
2020-12-13,ZG,36,0,0
2020-12-13,ZH,451,1,0
2020-12-14,AG,567,16,0
2020-12-14,AI,8,0,0
2020-12-14,AR,51,0,0
2020-12-14,BE,695,36,0
2020-12-14,BL,191,15,0
2020-12-14,BS,126,2,0
2020-12-14,FL,32,0,0
2020-12-14,FR,142,2,0
2020-12-14,GE,226,0,0
2020-12-14,GL,40,0,0
2020-12-14,GR,123,0,0
2020-12-14,JU,53,1,0
2020-12-14,LU,300,0,0
2020-12-14,NE,79,2,0
2020-12-14,NW,29,0,0
2020-12-14,OW,14,0,0
2020-12-14,SG,647,0,0
2020-12-14,SH,59,0,0
2020-12-14,SO,205,13,0
2020-12-14,SZ,152,3,0
2020-12-14,TG,297,0,0
2020-12-14,TI,378,1,0
2020-12-14,UR,26,0,0
2020-12-14,VD,290,0,0
2020-12-14,VS,123,4,0
2020-12-14,ZG,62,0,0
2020-12-14,ZH,1032,12,0
2020-12-15,AG,556,2,0
2020-12-15,AI,5,0,0
2020-12-15,AR,28,0,0
2020-12-15,BE,605,3,0
2020-12-15,BL,176,14,0
2020-12-15,BS,109,3,0
2020-12-15,FL,40,0,0
2020-12-15,FR,91,1,0
2020-12-15,GE,197,1,0
2020-12-15,GL,18,0,0
2020-12-15,GR,102,0,0
2020-12-15,JU,49,0,0
2020-12-15,LU,298,1,0
2020-12-15,NE,66,1,0
2020-12-15,NW,23,0,0
2020-12-15,OW,16,3,0
2020-12-15,SG,445,0,0
2020-12-15,SH,46,0,0
2020-12-15,SO,216,17,0
2020-12-15,SZ,123,0,0
2020-12-15,TG,239,1,0
2020-12-15,TI,248,0,0
2020-12-15,UR,12,0,0
2020-12-15,VD,296,0,0
2020-12-15,VS,110,4,0
2020-12-15,ZG,69,1,0
2020-12-15,ZH,1022,7,0
2020-12-16,AG,484,14,0
2020-12-16,AI,2,0,0
2020-12-16,AR,39,0,0
2020-12-16,BE,564,11,0
2020-12-16,BL,161,2,0
2020-12-16,BS,127,0,0
2020-12-16,FL,35,0,0
2020-12-16,FR,83,0,0
2020-12-16,GE,158,0,0
2020-12-16,GL,25,0,0
2020-12-16,GR,116,1,0
2020-12-16,JU,44,0,0
2020-12-16,LU,289,0,0
2020-12-16,NE,61,0,0
2020-12-16,NW,24,0,0
2020-12-16,OW,12,0,0
2020-12-16,SG,392,1,0
2020-12-16,SH,48,5,0
2020-12-16,SO,165,5,0
2020-12-16,SZ,104,2,0
2020-12-16,TG,212,1,0
2020-12-16,TI,244,0,0
2020-12-16,UR,9,0,0
2020-12-16,VD,283,0,0
2020-12-16,VS,98,2,0
2020-12-16,ZG,53,0,0
2020-12-16,ZH,1020,22,0
2020-12-17,AG,456,2,0
2020-12-17,AI,6,0,0
2020-12-17,AR,26,0,0
2020-12-17,BE,539,4,0
2020-12-17,BL,148,13,0
2020-12-17,BS,108,1,0
2020-12-17,FL,36,0,0
2020-12-17,FR,82,0,0
2020-12-17,GE,174,0,0
2020-12-17,GL,31,0,0
2020-12-17,GR,124,0,0
2020-12-17,JU,28,0,0
2020-12-17,LU,213,0,0
2020-12-17,NE,45,0,0
2020-12-17,NW,16,0,0
2020-12-17,OW,6,0,0
2020-12-17,SG,348,1,0
2020-12-17,SH,29,1,0
2020-12-17,SO,188,26,0
2020-12-17,SZ,105,0,0
2020-12-17,TG,182,4,0
2020-12-17,TI,261,4,0
2020-12-17,UR,21,0,0
2020-12-17,VD,230,1,0
2020-12-17,VS,80,6,0
2020-12-17,ZG,46,0,0
2020-12-17,ZH,894,10,0
2020-12-18,AG,415,20,0
2020-12-18,AI,3,0,0
2020-12-18,AR,31,0,0
2020-12-18,BE,495,15,0
2020-12-18,BL,144,19,0
2020-12-18,BS,92,1,0
2020-12-18,FL,48,0,0
2020-12-18,FR,65,0,0
2020-12-18,GE,175,1,0
2020-12-18,GL,21,0,0
2020-12-18,GR,100,2,0
2020-12-18,JU,21,0,0
2020-12-18,LU,268,3,0
2020-12-18,NE,49,0,0
2020-12-18,NW,14,0,0
2020-12-18,OW,13,0,0
2020-12-18,SG,387,5,0
2020-12-18,SH,37,7,0
2020-12-18,SO,149,8,0
2020-12-18,SZ,75,1,0
2020-12-18,TG,221,3,0
2020-12-18,TI,268,0,0
2020-12-18,UR,18,0,0
2020-12-18,VD,257,0,0
2020-12-18,VS,92,3,0
2020-12-18,ZG,70,1,0
2020-12-18,ZH,861,34,0
2020-12-19,AG,218,17,0
2020-12-19,AI,2,0,0
2020-12-19,AR,13,0,0
2020-12-19,BE,339,3,0
2020-12-19,BL,92,17,0
2020-12-19,BS,49,0,0
2020-12-19,FL,32,0,0
2020-12-19,FR,74,0,0
2020-12-19,GE,115,0,0
2020-12-19,GL,5,0,0
2020-12-19,GR,55,1,0
2020-12-19,JU,21,0,0
2020-12-19,LU,118,2,0
2020-12-19,NE,32,0,0
2020-12-19,NW,10,0,0
2020-12-19,OW,14,0,0
2020-12-19,SG,131,0,0
2020-12-19,SH,22,1,0
2020-12-19,SO,114,12,0
2020-12-19,SZ,66,0,0
2020-12-19,TG,79,0,0
2020-12-19,TI,186,0,0
2020-12-19,UR,9,0,0
2020-12-19,VD,176,0,0
2020-12-19,VS,46,0,0
2020-12-19,ZG,59,0,0
2020-12-19,ZH,630,23,0
2020-12-20,AG,136,3,0
2020-12-20,AR,12,0,0
2020-12-20,BE,235,18,0
2020-12-20,BL,78,0,0
2020-12-20,BS,47,0,0
2020-12-20,FL,20,0,0
2020-12-20,FR,48,0,0
2020-12-20,GE,87,0,0
2020-12-20,GL,7,0,0
2020-12-20,GR,39,0,0
2020-12-20,JU,18,0,0
2020-12-20,LU,90,0,0
2020-12-20,NE,27,4,0
2020-12-20,NW,3,0,0
2020-12-20,SG,81,0,0
2020-12-20,SH,28,1,0
2020-12-20,SO,66,18,0
2020-12-20,SZ,40,8,0
2020-12-20,TG,69,0,0
2020-12-20,TI,117,0,0
2020-12-20,UR,12,0,0
2020-12-20,VD,141,0,0
2020-12-20,VS,46,0,0
2020-12-20,ZG,39,0,0
2020-12-20,ZH,488,23,0
2020-12-21,AG,591,13,0
2020-12-21,AI,6,0,0
2020-12-21,AR,40,0,0
2020-12-21,BE,617,14,0
2020-12-21,BL,213,15,0
2020-12-21,BS,123,9,0
2020-12-21,FL,42,0,0
2020-12-21,FR,102,1,0
2020-12-21,GE,206,0,0
2020-12-21,GL,47,0,0
2020-12-21,GR,146,3,0
2020-12-21,JU,38,2,0
2020-12-21,LU,259,2,0
2020-12-21,NE,88,0,0
2020-12-21,NW,24,0,0
2020-12-21,OW,16,0,0
2020-12-21,SG,581,3,0
2020-12-21,SH,50,4,0
2020-12-21,SO,181,24,0
2020-12-21,SZ,166,0,0
2020-12-21,TG,244,4,0
2020-12-21,TI,353,0,0
2020-12-21,UR,17,0,0
2020-12-21,VD,297,0,0
2020-12-21,VS,105,1,0
2020-12-21,ZG,48,0,0
2020-12-21,ZH,1068,22,0
2020-12-22,AG,467,18,0
2020-12-22,AI,1,0,0
2020-12-22,AR,34,0,0
2020-12-22,BE,523,19,0
2020-12-22,BL,156,13,0
2020-12-22,BS,74,5,0
2020-12-22,FL,59,0,0
2020-12-22,FR,107,0,0
2020-12-22,GE,174,0,0
2020-12-22,GL,16,0,0
2020-12-22,GR,101,3,0
2020-12-22,JU,12,0,0
2020-12-22,LU,313,3,0
2020-12-22,NE,67,6,0
2020-12-22,NW,16,0,0
2020-12-22,OW,13,1,0
2020-12-22,SG,394,4,0
2020-12-22,SH,39,0,0
2020-12-22,SO,149,1,0
2020-12-22,SZ,102,6,0
2020-12-22,TG,217,1,0
2020-12-22,TI,263,1,0
2020-12-22,UR,16,0,0
2020-12-22,VD,274,0,0
2020-12-22,VS,96,4,0
2020-12-22,ZG,44,0,0
2020-12-22,ZH,933,16,0
2020-12-23,AG,515,8,0
2020-12-23,AI,7,0,0
2020-12-23,AR,23,0,0
2020-12-23,BE,510,7,0
2020-12-23,BL,156,4,0
2020-12-23,BS,82,0,0
2020-12-23,FL,50,0,0
2020-12-23,FR,95,0,0
2020-12-23,GE,183,0,0
2020-12-23,GL,17,0,0
2020-12-23,GR,84,0,0
2020-12-23,JU,28,0,0
2020-12-23,LU,221,0,0
2020-12-23,NE,57,0,0
2020-12-23,NW,19,0,0
2020-12-23,OW,12,0,0
2020-12-23,SG,324,0,0
2020-12-23,SH,26,0,0
2020-12-23,SO,127,2,0
2020-12-23,SZ,106,2,0
2020-12-23,TG,192,0,0
2020-12-23,TI,309,0,0
2020-12-23,UR,11,0,0
2020-12-23,VD,263,0,0
2020-12-23,VS,96,0,0
2020-12-23,ZG,63,0,0
2020-12-23,ZH,945,6,0
2020-12-24,AG,279,3,0
2020-12-24,AI,4,0,0
2020-12-24,AR,25,0,0
2020-12-24,BE,325,10,0
2020-12-24,BL,99,8,0
2020-12-24,BS,60,1,0
2020-12-24,FL,34,0,0
2020-12-24,FR,69,0,0
2020-12-24,GE,123,0,0
2020-12-24,GL,8,0,0
2020-12-24,GR,54,3,0
2020-12-24,JU,26,0,0
2020-12-24,LU,232,0,0
2020-12-24,NE,59,4,0
2020-12-24,NW,11,0,0
2020-12-24,OW,8,0,0
2020-12-24,SG,185,4,0
2020-12-24,SH,23,6,0
2020-12-24,SO,97,18,0
2020-12-24,SZ,48,1,1
2020-12-24,TG,78,1,0
2020-12-24,TI,224,0,0
2020-12-24,UR,12,0,0
2020-12-24,VD,230,0,0
2020-12-24,VS,82,3,0
2020-12-24,ZG,41,0,0
2020-12-24,ZH,645,18,0
2020-12-25,AG,127,27,0
2020-12-25,AI,3,0,0
2020-12-25,AR,3,0,0
2020-12-25,BE,240,23,0
2020-12-25,BL,53,5,0
2020-12-25,BS,40,4,0
2020-12-25,FL,29,0,0
2020-12-25,FR,39,1,0
2020-12-25,GE,49,0,0
2020-12-25,GL,10,0,0
2020-12-25,GR,46,1,0
2020-12-25,JU,3,0,0
2020-12-25,LU,76,2,0
2020-12-25,NE,20,2,0
2020-12-25,NW,4,1,0
2020-12-25,OW,4,0,0
2020-12-25,SG,58,0,0
2020-12-25,SH,24,10,0
2020-12-25,SO,70,32,0
2020-12-25,SZ,36,9,0
2020-12-25,TG,38,1,0
2020-12-25,TI,136,0,0
2020-12-25,UR,6,0,0
2020-12-25,VD,110,0,0
2020-12-25,VS,51,2,0
2020-12-25,ZG,24,0,0
2020-12-25,ZH,451,26,0
2020-12-26,AG,212,10,0
2020-12-26,AI,1,0,0
2020-12-26,AR,6,0,0
2020-12-26,BE,256,16,1
2020-12-26,BL,70,24,0
2020-12-26,BS,60,10,2
2020-12-26,FL,23,0,0
2020-12-26,FR,61,0,0
2020-12-26,GE,98,1,0
2020-12-26,GL,4,0,0
2020-12-26,GR,45,0,0
2020-12-26,JU,23,0,0
2020-12-26,LU,174,0,0
2020-12-26,NE,33,0,0
2020-12-26,NW,14,0,0
2020-12-26,OW,3,0,0
2020-12-26,SG,113,1,0
2020-12-26,SH,26,2,0
2020-12-26,SO,70,28,0
2020-12-26,SZ,53,1,0
2020-12-26,TG,63,17,0
2020-12-26,TI,182,0,0
2020-12-26,UR,17,0,0
2020-12-26,VD,184,0,0
2020-12-26,VS,78,0,0
2020-12-26,ZG,33,0,0
2020-12-26,ZH,476,16,0
2020-12-27,AG,152,16,0
2020-12-27,AI,4,0,0
2020-12-27,AR,9,0,0
2020-12-27,BE,244,23,0
2020-12-27,BL,80,4,0
2020-12-27,BS,46,5,0
2020-12-27,FL,29,0,0
2020-12-27,FR,43,0,0
2020-12-27,GE,80,2,0
2020-12-27,GL,5,0,0
2020-12-27,GR,48,0,0
2020-12-27,JU,19,0,0
2020-12-27,LU,55,0,0
2020-12-27,NE,35,12,0
2020-12-27,NW,10,0,0
2020-12-27,OW,4,0,0
2020-12-27,SG,81,2,0
2020-12-27,SH,23,16,0
2020-12-27,SO,68,17,0
2020-12-27,SZ,59,10,0
2020-12-27,TG,67,21,0
2020-12-27,TI,174,0,0
2020-12-27,UR,10,3,0
2020-12-27,VD,208,7,0
2020-12-27,VS,75,0,0
2020-12-27,ZG,30,0,0
2020-12-27,ZH,485,7,0
2020-12-28,AG,440,54,0
2020-12-28,AI,12,0,0
2020-12-28,AR,43,0,0
2020-12-28,BE,556,23,0
2020-12-28,BL,153,43,0
2020-12-28,BS,98,10,0
2020-12-28,FL,38,0,0
2020-12-28,FR,85,0,0
2020-12-28,GE,197,0,0
2020-12-28,GL,45,0,0
2020-12-28,GR,115,0,0
2020-12-28,JU,31,2,0
2020-12-28,LU,284,5,0
2020-12-28,NE,88,7,0
2020-12-28,NW,32,0,0
2020-12-28,OW,15,0,0
2020-12-28,SG,473,2,0
2020-12-28,SH,41,15,0
2020-12-28,SO,146,10,0
2020-12-28,SZ,115,14,0
2020-12-28,TG,247,5,0
2020-12-28,TI,297,0,0
2020-12-28,UR,25,2,0
2020-12-28,VD,349,4,0
2020-12-28,VS,134,3,0
2020-12-28,ZG,59,0,0
2020-12-28,ZH,951,38,2
2020-12-29,AG,438,24,0
2020-12-29,AI,9,0,0
2020-12-29,AR,33,0,0
2020-12-29,BE,476,14,2
2020-12-29,BL,129,8,0
2020-12-29,BS,58,3,0
2020-12-29,FL,37,0,0
2020-12-29,FR,81,1,0
2020-12-29,GE,184,0,0
2020-12-29,GL,21,1,0
2020-12-29,GR,88,5,0
2020-12-29,JU,40,1,0
2020-12-29,LU,246,0,0
2020-12-29,NE,74,10,0
2020-12-29,NW,24,0,0
2020-12-29,OW,8,0,0
2020-12-29,SG,404,2,0
2020-12-29,SH,22,11,0
2020-12-29,SO,126,21,0
2020-12-29,SZ,95,5,0
2020-12-29,TG,157,3,0
2020-12-29,TI,314,5,0
2020-12-29,UR,17,0,0
2020-12-29,VD,318,5,0
2020-12-29,VS,139,0,0
2020-12-29,ZG,71,3,0
2020-12-29,ZH,888,58,1
2020-12-30,AG,406,31,0
2020-12-30,AI,3,0,0
2020-12-30,AR,21,0,0
2020-12-30,BE,455,19,3
2020-12-30,BL,110,14,0
2020-12-30,BS,65,5,0
2020-12-30,FL,31,1,0
2020-12-30,FR,83,0,0
2020-12-30,GE,177,1,0
2020-12-30,GL,24,0,0
2020-12-30,GR,95,2,0
2020-12-30,JU,48,0,0
2020-12-30,LU,233,1,0
2020-12-30,NE,85,4,0
2020-12-30,NW,24,0,0
2020-12-30,OW,8,0,0
2020-12-30,SG,343,12,0
2020-12-30,SH,20,10,0
2020-12-30,SO,151,13,0
2020-12-30,SZ,90,10,0
2020-12-30,TG,118,6,0
2020-12-30,TI,322,2,0
2020-12-30,UR,21,0,0
2020-12-30,VD,292,0,0
2020-12-30,VS,145,4,0
2020-12-30,ZG,61,0,0
2020-12-30,ZH,810,58,0
2020-12-31,AG,264,10,0
2020-12-31,AI,9,0,0
2020-12-31,AR,15,0,0
2020-12-31,BE,328,24,1
2020-12-31,BL,57,1,0
2020-12-31,BS,60,0,0
2020-12-31,FL,24,0,0
2020-12-31,FR,80,0,0
2020-12-31,GE,112,1,0
2020-12-31,GL,13,0,0
2020-12-31,GR,73,0,0
2020-12-31,JU,34,0,0
2020-12-31,LU,168,2,0
2020-12-31,NE,74,3,0
2020-12-31,NW,18,0,0
2020-12-31,OW,5,0,0
2020-12-31,SG,201,2,0
2020-12-31,SH,16,4,0
2020-12-31,SO,96,13,0
2020-12-31,SZ,66,8,0
2020-12-31,TG,83,10,0
2020-12-31,TI,236,1,0
2020-12-31,UR,17,1,0
2020-12-31,VD,239,0,0
2020-12-31,VS,132,3,0
2020-12-31,ZG,52,0,0
2020-12-31,ZH,606,42,1
2021-01-01,AG,154,12,0
2021-01-01,AI,5,0,0
2021-01-01,AR,5,0,0
2021-01-01,BE,167,29,0
2021-01-01,BL,66,10,0
2021-01-01,BS,32,2,0
2021-01-01,FL,14,0,0
2021-01-01,FR,43,0,0
2021-01-01,GE,64,0,0
2021-01-01,GL,10,0,0
2021-01-01,GR,43,2,0
2021-01-01,JU,8,0,0
2021-01-01,LU,64,0,0
2021-01-01,NE,27,0,0
2021-01-01,NW,3,0,0
2021-01-01,OW,6,0,0
2021-01-01,SG,61,0,0
2021-01-01,SH,13,8,0
2021-01-01,SO,57,24,0
2021-01-01,SZ,23,0,0
2021-01-01,TG,35,1,0
2021-01-01,TI,129,0,0
2021-01-01,UR,15,0,0
2021-01-01,VD,126,2,0
2021-01-01,VS,72,0,0
2021-01-01,ZG,27,0,0
2021-01-01,ZH,424,45,0
2021-01-02,AG,213,15,0
2021-01-02,AI,4,0,0
2021-01-02,AR,19,0,0
2021-01-02,BE,301,33,1
2021-01-02,BL,80,12,0
2021-01-02,BS,46,6,0
2021-01-02,FL,23,0,0
2021-01-02,FR,87,0,0
2021-01-02,GE,126,1,1
2021-01-02,GL,10,0,0
2021-01-02,GR,63,6,0
2021-01-02,JU,30,0,0
2021-01-02,LU,179,2,0
2021-01-02,NE,46,7,0
2021-01-02,NW,12,0,0
2021-01-02,OW,9,0,0
2021-01-02,SG,156,1,0
2021-01-02,SH,20,8,0
2021-01-02,SO,70,21,0
2021-01-02,SZ,37,5,0
2021-01-02,TG,77,1,0
2021-01-02,TI,166,0,0
2021-01-02,UR,10,1,0
2021-01-02,VD,229,2,0
2021-01-02,VS,149,0,0
2021-01-02,ZG,50,0,0
2021-01-02,ZH,529,32,0
2021-01-03,AG,166,9,0
2021-01-03,AI,5,0,0
2021-01-03,AR,18,0,0
2021-01-03,BE,232,31,1
2021-01-03,BL,66,16,0
2021-01-03,BS,45,2,0
2021-01-03,FL,19,0,0
2021-01-03,FR,65,0,0
2021-01-03,GE,72,0,0
2021-01-03,GL,3,0,0
2021-01-03,GR,48,2,0
2021-01-03,JU,35,0,0
2021-01-03,LU,99,0,0
2021-01-03,NE,43,4,0
2021-01-03,NW,12,0,0
2021-01-03,OW,6,0,0
2021-01-03,SG,81,0,0
2021-01-03,SH,19,7,0
2021-01-03,SO,67,34,0
2021-01-03,SZ,31,1,0
2021-01-03,TG,71,18,0
2021-01-03,TI,146,0,0
2021-01-03,UR,7,2,0
2021-01-03,VD,243,0,0
2021-01-03,VS,111,0,0
2021-01-03,ZG,40,0,0
2021-01-03,ZH,485,33,0
2021-01-04,AG,448,50,0
2021-01-04,AI,13,0,0
2021-01-04,AR,55,0,0
2021-01-04,BE,540,48,2
2021-01-04,BL,147,41,1
2021-01-04,BS,103,9,0
2021-01-04,FL,31,0,0
2021-01-04,FR,140,1,0
2021-01-04,GE,153,0,0
2021-01-04,GL,43,1,0
2021-01-04,GR,117,5,0
2021-01-04,JU,58,0,0
2021-01-04,LU,258,9,0
2021-01-04,NE,100,13,0
2021-01-04,NW,32,0,0
2021-01-04,OW,18,0,0
2021-01-04,SG,540,1,0
2021-01-04,SH,31,12,0
2021-01-04,SO,140,40,0
2021-01-04,SZ,124,16,0
2021-01-04,TG,224,0,0
2021-01-04,TI,330,2,0
2021-01-04,UR,12,1,0
2021-01-04,VD,426,10,1
2021-01-04,VS,238,2,1
2021-01-04,ZG,80,1,0
2021-01-04,ZH,907,48,1
2021-01-05,AG,325,21,1
2021-01-05,AI,7,0,0
2021-01-05,AR,46,0,0
2021-01-05,BE,418,55,9
2021-01-05,BL,91,29,0
2021-01-05,BS,67,8,0
2021-01-05,FL,30,0,0
2021-01-05,FR,123,1,0
2021-01-05,GE,163,1,1
2021-01-05,GL,42,2,0
2021-01-05,GR,87,1,0
2021-01-05,JU,46,0,0
2021-01-05,LU,260,13,1
2021-01-05,NE,83,0,0
2021-01-05,NW,27,0,0
2021-01-05,OW,11,0,0
2021-01-05,SG,338,3,0
2021-01-05,SH,29,7,0
2021-01-05,SO,121,15,0
2021-01-05,SZ,101,7,0
2021-01-05,TG,163,4,0
2021-01-05,TI,251,3,0
2021-01-05,UR,13,1,0
2021-01-05,VD,360,11,0
2021-01-05,VS,169,5,0
2021-01-05,ZG,51,0,0
2021-01-05,ZH,772,63,2
2021-01-06,AG,279,15,0
2021-01-06,AI,4,0,0
2021-01-06,AR,26,0,0
2021-01-06,BE,315,4,1
2021-01-06,BL,86,16,0
2021-01-06,BS,78,8,0
2021-01-06,FL,10,0,0
2021-01-06,FR,88,0,0
2021-01-06,GE,148,3,0
2021-01-06,GL,26,0,0
2021-01-06,GR,66,2,0
2021-01-06,JU,39,0,0
2021-01-06,LU,235,4,0
2021-01-06,NE,87,0,0
2021-01-06,NW,16,0,0
2021-01-06,OW,14,0,0
2021-01-06,SG,277,1,0
2021-01-06,SH,18,1,0
2021-01-06,SO,97,15,0
2021-01-06,SZ,45,7,0
2021-01-06,TG,129,4,0
2021-01-06,TI,97,0,0
2021-01-06,UR,12,0,0
2021-01-06,VD,334,12,0
2021-01-06,VS,145,6,1
2021-01-06,ZG,69,1,0
2021-01-06,ZH,618,6,0
2021-01-07,AG,220,6,0
2021-01-07,AI,3,0,0
2021-01-07,AR,28,0,0
2021-01-07,BE,368,20,2
2021-01-07,BL,69,28,1
2021-01-07,BS,69,7,0
2021-01-07,FL,10,0,0
2021-01-07,FR,74,0,0
2021-01-07,GE,139,0,0
2021-01-07,GL,44,0,0
2021-01-07,GR,77,1,0
2021-01-07,JU,27,0,0
2021-01-07,LU,195,1,0
2021-01-07,NE,74,4,0
2021-01-07,NW,13,0,0
2021-01-07,OW,10,0,0
2021-01-07,SG,196,3,0
2021-01-07,SH,21,7,0
2021-01-07,SO,95,33,0
2021-01-07,SZ,76,4,0
2021-01-07,TG,96,3,1
2021-01-07,TI,202,0,0
2021-01-07,UR,16,0,0
2021-01-07,VD,314,4,0
2021-01-07,VS,145,0,0
2021-01-07,ZG,47,0,0
2021-01-07,ZH,558,26,1
2021-01-08,AG,268,31,0
2021-01-08,AI,4,0,0
2021-01-08,AR,23,2,0
2021-01-08,BE,302,35,7
2021-01-08,BL,58,15,0
2021-01-08,BS,44,3,0
2021-01-08,FL,13,0,0
2021-01-08,FR,99,4,0
2021-01-08,GE,121,0,0
2021-01-08,GL,20,4,0
2021-01-08,GR,88,7,0
2021-01-08,JU,29,0,0
2021-01-08,LU,162,3,0
2021-01-08,NE,73,7,0
2021-01-08,NW,14,0,0
2021-01-08,OW,11,0,0
2021-01-08,SG,246,2,0
2021-01-08,SH,20,9,0
2021-01-08,SO,99,38,0
2021-01-08,SZ,70,18,0
2021-01-08,TG,111,0,0
2021-01-08,TI,159,5,2
2021-01-08,UR,13,1,0
2021-01-08,VD,248,9,0
2021-01-08,VS,149,5,0
2021-01-08,ZG,41,0,0
2021-01-08,ZH,576,59,1
2021-01-09,AG,147,14,0
2021-01-09,AI,2,0,0
2021-01-09,AR,5,0,0
2021-01-09,BE,210,55,15
2021-01-09,BL,56,16,0
2021-01-09,BS,38,5,0
2021-01-09,FL,8,0,0
2021-01-09,FR,58,0,0
2021-01-09,GE,92,0,0
2021-01-09,GL,8,0,0
2021-01-09,GR,43,5,0
2021-01-09,JU,30,0,0
2021-01-09,LU,67,0,0
2021-01-09,NE,38,6,0
2021-01-09,NW,7,0,0
2021-01-09,OW,5,0,0
2021-01-09,SG,57,1,0
2021-01-09,SH,10,0,0
2021-01-09,SO,51,24,0
2021-01-09,SZ,43,13,1
2021-01-09,TG,28,1,0
2021-01-09,TI,98,0,0
2021-01-09,UR,11,0,0
2021-01-09,VD,165,1,0
2021-01-09,VS,70,0,0
2021-01-09,ZG,30,0,0
2021-01-09,ZH,313,17,0
2021-01-10,AG,102,0,0
2021-01-10,AI,1,0,0
2021-01-10,AR,4,0,0
2021-01-10,BE,147,31,6
2021-01-10,BL,40,10,0
2021-01-10,BS,23,1,0
2021-01-10,FL,9,0,0
2021-01-10,FR,39,0,0
2021-01-10,GE,69,0,0
2021-01-10,GL,5,0,0
2021-01-10,GR,34,1,0
2021-01-10,JU,13,0,0
2021-01-10,LU,80,0,0
2021-01-10,NE,25,7,0
2021-01-10,NW,7,0,0
2021-01-10,OW,1,0,0
2021-01-10,SG,32,0,0
2021-01-10,SH,15,9,0
2021-01-10,SO,43,27,2
2021-01-10,SZ,29,4,0
2021-01-10,TG,20,4,0
2021-01-10,TI,71,0,0
2021-01-10,UR,9,0,0
2021-01-10,VD,117,0,0
2021-01-10,VS,72,0,0
2021-01-10,ZG,28,0,0
2021-01-10,ZH,267,26,0
2021-01-11,AG,288,44,0
2021-01-11,AI,12,0,0
2021-01-11,AR,37,0,0
2021-01-11,BE,320,48,9
2021-01-11,BL,90,41,2
2021-01-11,BS,71,16,0
2021-01-11,FL,16,0,0
2021-01-11,FR,89,0,0
2021-01-11,GE,169,3,0
2021-01-11,GL,35,0,0
2021-01-11,GR,64,3,1
2021-01-11,JU,33,1,0
2021-01-11,LU,242,4,0
2021-01-11,NE,82,13,0
2021-01-11,NW,15,0,0
2021-01-11,OW,16,0,0
2021-01-11,SG,284,2,0
2021-01-11,SH,31,4,0
2021-01-11,SO,101,35,2
2021-01-11,SZ,73,8,0
2021-01-11,TG,118,0,0
2021-01-11,TI,163,1,0
2021-01-11,UR,15,1,0
2021-01-11,VD,314,12,1
2021-01-11,VS,197,10,1
2021-01-11,ZG,40,0,0
2021-01-11,ZH,560,19,1
2021-01-12,AG,218,14,0
2021-01-12,AI,4,0,0
2021-01-12,AR,24,0,0
2021-01-12,BE,256,22,2
2021-01-12,BL,52,22,1
2021-01-12,BS,53,7,0
2021-01-12,FL,9,0,0
2021-01-12,FR,95,0,0
2021-01-12,GE,154,1,0
2021-01-12,GL,15,1,0
2021-01-12,GR,69,2,0
2021-01-12,JU,41,1,0
2021-01-12,LU,148,4,0
2021-01-12,NE,57,3,0
2021-01-12,NW,15,0,0
2021-01-12,OW,14,0,0
2021-01-12,SG,184,2,0
2021-01-12,SH,21,1,0
2021-01-12,SO,63,27,0
2021-01-12,SZ,41,4,0
2021-01-12,TG,57,2,0
2021-01-12,TI,129,6,0
2021-01-12,UR,15,0,0
2021-01-12,VD,181,5,0
2021-01-12,VS,149,1,0
2021-01-12,ZG,53,0,0
2021-01-12,ZH,498,26,2
2021-01-13,AG,222,28,1
2021-01-13,AI,5,0,0
2021-01-13,AR,16,0,0
2021-01-13,BE,272,17,1
2021-01-13,BL,62,32,0
2021-01-13,BS,39,8,0
2021-01-13,FL,4,0,0
2021-01-13,FR,80,0,0
2021-01-13,GE,145,3,1
2021-01-13,GL,21,0,0
2021-01-13,GR,61,2,0
2021-01-13,JU,24,0,0
2021-01-13,LU,137,2,0
2021-01-13,NE,49,4,0
2021-01-13,NW,8,0,0
2021-01-13,OW,17,0,0
2021-01-13,SG,172,5,0
2021-01-13,SH,27,6,0
2021-01-13,SO,67,15,0
2021-01-13,SZ,42,9,2
2021-01-13,TG,86,1,0
2021-01-13,TI,83,1,0
2021-01-13,UR,13,0,0
2021-01-13,VD,239,13,0
2021-01-13,VS,135,10,1
2021-01-13,ZG,41,2,0
2021-01-13,ZH,398,19,0
2021-01-14,AG,206,15,1
2021-01-14,AI,4,0,0
2021-01-14,AR,18,0,0
2021-01-14,BE,238,9,3
2021-01-14,BL,61,22,0
2021-01-14,BS,23,2,0
2021-01-14,FL,1,0,0
2021-01-14,FR,91,0,0
2021-01-14,GE,155,3,0
2021-01-14,GL,8,0,0
2021-01-14,GR,53,2,0
2021-01-14,JU,37,0,0
2021-01-14,LU,114,6,0
2021-01-14,NE,50,2,0
2021-01-14,NW,16,0,0
2021-01-14,OW,12,0,0
2021-01-14,SG,128,2,0
2021-01-14,SH,20,7,0
2021-01-14,SO,71,9,0
2021-01-14,SZ,60,6,0
2021-01-14,TG,58,0,0
2021-01-14,TI,97,3,0
2021-01-14,UR,16,0,0
2021-01-14,VD,203,8,0
2021-01-14,VS,118,2,1
2021-01-14,ZG,15,1,0
2021-01-14,ZH,366,13,1
2021-01-15,AG,160,16,1
2021-01-15,AI,3,0,0
2021-01-15,AR,11,0,0
2021-01-15,BE,223,35,5
2021-01-15,BL,50,23,0
2021-01-15,BS,26,1,0
2021-01-15,FL,4,0,0
2021-01-15,FR,67,1,0
2021-01-15,GE,169,1,0
2021-01-15,GL,11,1,0
2021-01-15,GR,60,6,1
2021-01-15,JU,24,0,0
2021-01-15,LU,149,7,0
2021-01-15,NE,51,5,0
2021-01-15,NW,17,0,0
2021-01-15,OW,13,0,0
2021-01-15,SG,136,2,0
2021-01-15,SH,15,7,0
2021-01-15,SO,43,18,3
2021-01-15,SZ,37,1,0
2021-01-15,TG,45,1,0
2021-01-15,TI,105,2,0
2021-01-15,UR,16,1,0
2021-01-15,VD,218,13,2
2021-01-15,VS,120,4,2
2021-01-15,ZG,30,0,0
2021-01-15,ZH,360,25,1
2021-01-16,AG,92,16,0
2021-01-16,AR,4,0,0
2021-01-16,BE,120,19,3
2021-01-16,BL,36,26,0
2021-01-16,BS,20,1,0
2021-01-16,FL,6,0,0
2021-01-16,FR,48,0,0
2021-01-16,GE,103,2,1
2021-01-16,GL,6,0,0
2021-01-16,GR,49,4,0
2021-01-16,JU,35,0,0
2021-01-16,LU,78,2,0
2021-01-16,NE,28,4,0
2021-01-16,NW,10,0,0
2021-01-16,OW,12,0,0
2021-01-16,SG,59,0,0
2021-01-16,SH,9,8,0
2021-01-16,SO,31,14,1
2021-01-16,SZ,12,4,0
2021-01-16,TG,32,2,0
2021-01-16,TI,59,0,0
2021-01-16,UR,10,3,0
2021-01-16,VD,178,1,1
2021-01-16,VS,59,1,0
2021-01-16,ZG,18,0,0
2021-01-16,ZH,229,21,0
2021-01-17,AG,61,11,1
2021-01-17,BE,105,20,2
2021-01-17,BL,33,13,2
2021-01-17,BS,10,1,0
2021-01-17,FL,6,0,0
2021-01-17,FR,45,0,0
2021-01-17,GE,47,0,0
2021-01-17,GL,4,0,0
2021-01-17,GR,15,1,1
2021-01-17,JU,13,0,0
2021-01-17,LU,39,0,0
2021-01-17,NE,23,0,0
2021-01-17,NW,6,0,0
2021-01-17,OW,3,0,0
2021-01-17,SG,15,0,0
2021-01-17,SH,4,0,0
2021-01-17,SO,23,8,0
2021-01-17,SZ,13,0,0
2021-01-17,TG,10,0,0
2021-01-17,TI,44,0,0
2021-01-17,UR,13,0,0
2021-01-17,VD,128,4,1
2021-01-17,VS,51,0,0
2021-01-17,ZG,15,0,0
2021-01-17,ZH,172,31,0
2021-01-18,AG,278,41,2
2021-01-18,AI,12,0,0
2021-01-18,AR,24,0,0
2021-01-18,BE,277,39,1
2021-01-18,BL,68,19,1
2021-01-18,BS,45,2,0
2021-01-18,FL,10,0,0
2021-01-18,FR,99,1,0
2021-01-18,GE,206,1,0
2021-01-18,GL,15,0,0
2021-01-18,GR,99,5,0
2021-01-18,JU,30,2,0
2021-01-18,LU,130,3,0
2021-01-18,NE,63,11,0
2021-01-18,NW,25,0,0
2021-01-18,OW,13,0,0
2021-01-18,SG,269,10,0
2021-01-18,SH,26,5,0
2021-01-18,SO,61,20,1
2021-01-18,SZ,59,12,0
2021-01-18,TG,99,4,0
2021-01-18,TI,125,6,0
2021-01-18,UR,7,0,0
2021-01-18,VD,241,22,2
2021-01-18,VS,162,7,0
2021-01-18,ZG,37,0,0
2021-01-18,ZH,476,46,1
2021-01-19,AG,205,14,0
2021-01-19,AI,4,0,0
2021-01-19,AR,18,0,0
2021-01-19,BE,221,27,4
2021-01-19,BL,59,10,1
2021-01-19,BS,46,4,0
2021-01-19,FL,10,0,0
2021-01-19,FR,84,0,0
2021-01-19,GE,146,3,0
2021-01-19,GL,21,1,0
2021-01-19,GR,55,5,2
2021-01-19,JU,19,0,0
2021-01-19,LU,147,3,0
2021-01-19,NE,46,2,0
2021-01-19,NW,15,0,0
2021-01-19,OW,12,0,0
2021-01-19,SG,180,4,0
2021-01-19,SH,7,6,0
2021-01-19,SO,66,11,1
2021-01-19,SZ,36,6,0
2021-01-19,TG,54,4,1
2021-01-19,TI,74,5,0
2021-01-19,UR,6,1,0
2021-01-19,VD,214,14,1
2021-01-19,VS,141,5,0
2021-01-19,ZG,39,0,0
2021-01-19,ZH,415,32,2
2021-01-20,AG,194,24,3
2021-01-20,AI,4,0,0
2021-01-20,AR,18,0,0
2021-01-20,BE,190,19,3
2021-01-20,BL,62,21,3
2021-01-20,BS,39,2,0
2021-01-20,FL,17,0,0
2021-01-20,FR,81,0,0
2021-01-20,GE,133,1,0
2021-01-20,GL,15,1,0
2021-01-20,GR,55,4,0
2021-01-20,JU,24,0,0
2021-01-20,LU,99,0,0
2021-01-20,NE,50,5,0
2021-01-20,NW,15,0,0
2021-01-20,OW,7,0,0
2021-01-20,SG,157,6,0
2021-01-20,SH,12,1,0
2021-01-20,SO,56,20,1
2021-01-20,SZ,48,7,0
2021-01-20,TG,67,1,0
2021-01-20,TI,80,0,0
2021-01-20,UR,13,0,0
2021-01-20,VD,244,32,0
2021-01-20,VS,171,9,2
2021-01-20,ZG,40,0,0
2021-01-20,ZH,406,44,5
2021-01-21,AG,172,18,4
2021-01-21,AI,2,0,0
2021-01-21,AR,17,0,0
2021-01-21,BE,211,45,7
2021-01-21,BL,64,13,1
2021-01-21,BS,34,4,1
2021-01-21,FL,5,0,0
2021-01-21,FR,73,0,0
2021-01-21,GE,137,0,0
2021-01-21,GL,12,0,0
2021-01-21,GR,37,1,0
2021-01-21,JU,27,0,0
2021-01-21,LU,99,5,0
2021-01-21,NE,28,2,0
2021-01-21,NW,12,0,0
2021-01-21,OW,12,0,0
2021-01-21,SG,145,8,0
2021-01-21,SH,16,7,0
2021-01-21,SO,45,13,1
2021-01-21,SZ,24,10,0
2021-01-21,TG,54,0,0
2021-01-21,TI,59,0,0
2021-01-21,UR,6,1,0
2021-01-21,VD,227,10,0
2021-01-21,VS,116,2,0
2021-01-21,ZG,28,0,0
2021-01-21,ZH,398,48,2
2021-01-22,AG,178,25,0
2021-01-22,AI,4,0,0
2021-01-22,AR,12,0,0
2021-01-22,BE,193,26,2
2021-01-22,BL,50,14,1
2021-01-22,BS,29,3,0
2021-01-22,FL,6,0,0
2021-01-22,FR,74,0,0
2021-01-22,GE,133,1,0
2021-01-22,GL,23,0,0
2021-01-22,GR,44,1,0
2021-01-22,JU,24,0,0
2021-01-22,LU,111,5,0
2021-01-22,NE,38,0,0
2021-01-22,NW,12,0,0
2021-01-22,OW,9,0,0
2021-01-22,SG,140,6,0
2021-01-22,SH,16,8,1
2021-01-22,SO,49,23,2
2021-01-22,SZ,45,7,0
2021-01-22,TG,55,2,1
2021-01-22,TI,50,1,0
2021-01-22,UR,5,2,0
2021-01-22,VD,209,16,2
2021-01-22,VS,128,1,0
2021-01-22,ZG,33,0,0
2021-01-22,ZH,373,42,3
2021-01-23,AG,93,8,0
2021-01-23,AI,2,0,0
2021-01-23,AR,5,0,0
2021-01-23,BE,87,7,1
2021-01-23,BL,24,6,1
2021-01-23,BS,25,3,0
2021-01-23,FL,5,0,0
2021-01-23,FR,54,0,0
2021-01-23,GE,85,0,0
2021-01-23,GL,4,0,0
2021-01-23,GR,18,2,2
2021-01-23,JU,18,0,0
2021-01-23,LU,52,0,0
2021-01-23,NE,21,1,0
2021-01-23,NW,13,0,0
2021-01-23,OW,10,0,0
2021-01-23,SG,54,0,0
2021-01-23,SH,9,3,0
2021-01-23,SO,26,13,4
2021-01-23,SZ,14,4,2
2021-01-23,TG,22,5,1
2021-01-23,TI,31,0,0
2021-01-23,UR,2,0,0
2021-01-23,VD,128,1,0
2021-01-23,VS,65,1,0
2021-01-23,ZG,19,0,0
2021-01-23,ZH,216,27,3
2021-01-24,AG,35,6,1
2021-01-24,AI,5,0,0
2021-01-24,AR,5,0,0
2021-01-24,BE,85,13,2
2021-01-24,BL,21,12,1
2021-01-24,BS,13,1,1
2021-01-24,FL,11,0,0
2021-01-24,FR,46,0,0
2021-01-24,GE,62,0,0
2021-01-24,GL,1,0,0
2021-01-24,GR,26,1,0
2021-01-24,JU,20,0,0
2021-01-24,LU,23,0,0
2021-01-24,NE,11,2,0
2021-01-24,NW,2,0,0
2021-01-24,OW,4,0,0
2021-01-24,SG,24,0,0
2021-01-24,SH,4,1,0
2021-01-24,SO,23,16,2
2021-01-24,SZ,3,1,0
2021-01-24,TG,7,7,0
2021-01-24,TI,20,0,0
2021-01-24,UR,1,0,0
2021-01-24,VD,90,3,2
2021-01-24,VS,71,0,0
2021-01-24,ZG,9,0,0
2021-01-24,ZH,121,9,0
2021-01-25,AG,224,35,3
2021-01-25,AI,7,0,0
2021-01-25,AR,43,0,0
2021-01-25,BE,242,14,2
2021-01-25,BL,60,36,4
2021-01-25,BS,40,3,0
2021-01-25,FL,4,0,0
2021-01-25,FR,94,0,0
2021-01-25,GE,175,4,1
2021-01-25,GL,22,0,0
2021-01-25,GR,85,10,0
2021-01-25,JU,17,1,0
2021-01-25,LU,117,5,0
2021-01-25,NE,36,1,0
2021-01-25,NW,13,1,0
2021-01-25,OW,4,0,0
2021-01-25,SG,213,1,0
2021-01-25,SH,11,3,1
2021-01-25,SO,81,24,6
2021-01-25,SZ,39,7,1
2021-01-25,TG,76,3,3
2021-01-25,TI,63,2,0
2021-01-25,UR,5,0,0
2021-01-25,VD,262,20,5
2021-01-25,VS,154,3,1
2021-01-25,ZG,25,1,0
2021-01-25,ZH,382,50,1
2021-01-26,AG,147,21,0
2021-01-26,AI,1,0,0
2021-01-26,AR,10,0,0
2021-01-26,BE,176,18,6
2021-01-26,BL,49,10,3
2021-01-26,BS,38,1,0
2021-01-26,FL,17,0,0
2021-01-26,FR,92,0,0
2021-01-26,GE,137,2,0
2021-01-26,GL,8,0,0
2021-01-26,GR,55,2,0
2021-01-26,JU,20,0,0
2021-01-26,LU,80,3,0
2021-01-26,NE,43,2,0
2021-01-26,NW,12,0,0
2021-01-26,OW,3,0,0
2021-01-26,SG,127,1,0
2021-01-26,SH,12,10,1
2021-01-26,SO,50,22,1
2021-01-26,SZ,36,9,0
2021-01-26,TG,38,3,1
2021-01-26,TI,41,0,0
2021-01-26,UR,4,0,0
2021-01-26,VD,203,9,2
2021-01-26,VS,87,4,3
2021-01-26,ZG,29,0,0
2021-01-26,ZH,340,31,5
2021-01-27,AG,144,29,1
2021-01-27,AI,3,0,0
2021-01-27,AR,13,0,0
2021-01-27,BE,192,10,3
2021-01-27,BL,36,15,1
2021-01-27,BS,39,5,4
2021-01-27,FL,9,0,0
2021-01-27,FR,94,0,0
2021-01-27,GE,147,4,0
2021-01-27,GL,14,0,0
2021-01-27,GR,34,2,0
2021-01-27,JU,29,0,0
2021-01-27,LU,70,1,0
2021-01-27,NE,37,2,0
2021-01-27,NW,12,0,0
2021-01-27,OW,5,0,0
2021-01-27,SG,122,2,0
2021-01-27,SH,14,7,0
2021-01-27,SO,48,13,4
2021-01-27,SZ,23,6,0
2021-01-27,TG,43,1,0
2021-01-27,TI,46,3,0
2021-01-27,UR,6,0,0
2021-01-27,VD,211,10,3
2021-01-27,VS,92,6,4
2021-01-27,ZG,32,0,0
2021-01-27,ZH,364,38,3
2021-01-28,AG,154,9,2
2021-01-28,AI,2,0,0
2021-01-28,AR,11,0,0
2021-01-28,BE,168,8,5
2021-01-28,BL,44,16,6
2021-01-28,BS,26,5,0
2021-01-28,FL,9,0,0
2021-01-28,FR,79,1,0
2021-01-28,GE,167,1,0
2021-01-28,GL,9,0,0
2021-01-28,GR,41,4,0
2021-01-28,JU,35,0,0
2021-01-28,LU,74,2,0
2021-01-28,NE,36,3,0
2021-01-28,NW,8,0,0
2021-01-28,OW,8,0,0
2021-01-28,SG,102,0,0
2021-01-28,SH,12,5,0
2021-01-28,SO,48,13,3
2021-01-28,SZ,23,2,1
2021-01-28,TG,33,0,0
2021-01-28,TI,44,0,0
2021-01-28,UR,2,0,0
2021-01-28,VD,205,0,0
2021-01-28,VS,124,0,0
2021-01-28,ZG,31,0,0
2021-01-28,ZH,293,12,1
2021-01-29,AG,106,11,1
2021-01-29,AI,2,0,0
2021-01-29,AR,8,0,0
2021-01-29,BE,147,7,1
2021-01-29,BL,34,19,4
2021-01-29,BS,26,3,2
2021-01-29,FL,2,0,0
2021-01-29,FR,74,0,0
2021-01-29,GE,158,2,0
2021-01-29,GL,12,0,0
2021-01-29,GR,85,0,0
2021-01-29,JU,22,0,0
2021-01-29,LU,91,4,0
2021-01-29,NE,42,5,1
2021-01-29,NW,5,0,0
2021-01-29,OW,5,0,0
2021-01-29,SG,134,1,0
2021-01-29,SH,8,6,0
2021-01-29,SO,42,6,2
2021-01-29,SZ,43,4,0
2021-01-29,TG,51,0,0
2021-01-29,TI,45,2,0
2021-01-29,UR,6,0,0
2021-01-29,VD,201,7,5
2021-01-29,VS,108,0,0
2021-01-29,ZG,27,0,0
2021-01-29,ZH,282,12,0
2021-01-30,AG,83,8,0
2021-01-30,AI,3,0,0
2021-01-30,AR,9,0,0
2021-01-30,BE,82,4,0
2021-01-30,BL,23,6,1
2021-01-30,BS,13,1,0
2021-01-30,FL,2,0,0
2021-01-30,FR,56,0,0
2021-01-30,GE,99,0,0
2021-01-30,GL,3,0,0
2021-01-30,GR,33,2,0
2021-01-30,JU,12,0,0
2021-01-30,LU,16,1,0
2021-01-30,NE,24,1,0
2021-01-30,NW,3,0,0
2021-01-30,OW,1,0,0
2021-01-30,SG,56,1,1
2021-01-30,SH,3,2,1
2021-01-30,SO,28,21,2
2021-01-30,SZ,18,2,0
2021-01-30,TG,33,16,6
2021-01-30,TI,22,0,0
2021-01-30,UR,1,0,0
2021-01-30,VD,127,1,1
2021-01-30,VS,75,3,2
2021-01-30,ZG,17,0,0
2021-01-30,ZH,179,9,1
2021-01-31,AG,45,7,1
2021-01-31,AR,3,0,0
2021-01-31,BE,83,2,0
2021-01-31,BL,33,7,2
2021-01-31,BS,13,1,0
2021-01-31,FL,2,0,0
2021-01-31,FR,37,0,0
2021-01-31,GE,65,0,0
2021-01-31,GL,1,0,0
2021-01-31,GR,13,0,0
2021-01-31,JU,14,0,0
2021-01-31,LU,22,0,0
2021-01-31,NE,14,0,0
2021-01-31,NW,4,0,0
2021-01-31,SG,16,0,0
2021-01-31,SH,5,5,1
2021-01-31,SO,20,12,2
2021-01-31,SZ,9,0,0
2021-01-31,TG,24,3,0
2021-01-31,TI,25,0,0
2021-01-31,UR,2,0,0
2021-01-31,VD,117,1,0
2021-01-31,VS,54,0,0
2021-01-31,ZG,9,0,0
2021-01-31,ZH,110,15,2
2021-02-01,AG,157,18,1
2021-02-01,AI,5,0,0
2021-02-01,AR,13,0,0
2021-02-01,BE,234,8,1
2021-02-01,BL,70,35,10
2021-02-01,BS,29,6,5
2021-02-01,FL,12,0,0
2021-02-01,FR,112,2,1
2021-02-01,GE,161,0,0
2021-02-01,GL,15,0,0
2021-02-01,GR,45,3,1
2021-02-01,JU,24,0,0
2021-02-01,LU,121,3,0
2021-02-01,NE,41,6,2
2021-02-01,NW,12,1,0
2021-02-01,OW,9,0,0
2021-02-01,SG,175,2,0
2021-02-01,SH,14,7,1
2021-02-01,SO,42,22,6
2021-02-01,SZ,36,6,1
2021-02-01,TG,53,3,2
2021-02-01,TI,59,2,0
2021-02-01,UR,4,0,0
2021-02-01,VD,247,13,7
2021-02-01,VS,124,4,2
2021-02-01,ZG,33,0,0
2021-02-01,ZH,327,38,8
2021-02-02,AG,101,9,3
2021-02-02,AI,2,0,0
2021-02-02,AR,10,0,0
2021-02-02,BE,137,10,2
2021-02-02,BL,48,35,6
2021-02-02,BS,44,4,3
2021-02-02,FL,3,0,0
2021-02-02,FR,88,0,0
2021-02-02,GE,148,2,1
2021-02-02,GL,5,0,0
2021-02-02,GR,35,2,1
2021-02-02,JU,13,0,0
2021-02-02,LU,70,0,0
2021-02-02,NE,34,6,3
2021-02-02,NW,4,0,0
2021-02-02,OW,4,0,0
2021-02-02,SG,77,3,1
2021-02-02,SH,7,3,0
2021-02-02,SO,56,12,4
2021-02-02,SZ,25,5,1
2021-02-02,TG,52,2,0
2021-02-02,TI,45,0,0
2021-02-02,UR,10,1,0
2021-02-02,VD,221,12,4
2021-02-02,VS,103,7,2
2021-02-02,ZG,29,0,0
2021-02-02,ZH,282,34,5
2021-02-03,AG,130,10,0
2021-02-03,AI,4,0,0
2021-02-03,AR,11,0,0
2021-02-03,BE,124,3,1
2021-02-03,BL,26,12,4
2021-02-03,BS,19,2,1
2021-02-03,FL,5,0,0
2021-02-03,FR,93,0,0
2021-02-03,GE,132,0,0
2021-02-03,GL,3,0,0
2021-02-03,GR,50,0,0
2021-02-03,JU,18,0,0
2021-02-03,LU,57,2,0
2021-02-03,NE,33,0,0
2021-02-03,NW,8,0,0
2021-02-03,OW,12,0,0
2021-02-03,SG,125,1,1
2021-02-03,SH,4,0,0
2021-02-03,SO,46,19,9
2021-02-03,SZ,18,2,1
2021-02-03,TG,32,0,0
2021-02-03,TI,66,5,2
2021-02-03,UR,6,0,0
2021-02-03,VD,261,10,4
2021-02-03,VS,144,3,1
2021-02-03,ZG,44,0,0
2021-02-03,ZH,263,33,7
2021-02-04,AG,100,9,0
2021-02-04,AR,7,0,0
2021-02-04,BE,118,15,1
2021-02-04,BL,39,21,1
2021-02-04,BS,29,1,1
2021-02-04,FL,1,0,0
2021-02-04,FR,74,0,0
2021-02-04,GE,152,1,0
2021-02-04,GL,3,0,0
2021-02-04,GR,51,0,0
2021-02-04,JU,10,1,0
2021-02-04,LU,58,0,0
2021-02-04,NE,32,3,2
2021-02-04,NW,8,0,0
2021-02-04,OW,5,0,0
2021-02-04,SG,89,1,0
2021-02-04,SH,1,0,0
2021-02-04,SO,26,6,1
2021-02-04,SZ,26,2,0
2021-02-04,TG,16,1,0
2021-02-04,TI,53,3,1
2021-02-04,VD,183,1,1
2021-02-04,VS,93,3,2
2021-02-04,ZG,34,0,0
2021-02-04,ZH,236,15,4
2021-02-05,AG,111,12,5
2021-02-05,AI,1,0,0
2021-02-05,AR,8,0,0
2021-02-05,BE,129,17,3
2021-02-05,BL,49,27,13
2021-02-05,BS,37,10,5
2021-02-05,FL,3,0,0
2021-02-05,FR,86,0,0
2021-02-05,GE,160,3,0
2021-02-05,GL,7,0,0
2021-02-05,GR,34,0,0
2021-02-05,JU,18,0,0
2021-02-05,LU,61,0,0
2021-02-05,NE,32,4,4
2021-02-05,NW,5,0,0
2021-02-05,OW,8,0,0
2021-02-05,SG,88,2,0
2021-02-05,SH,2,3,0
2021-02-05,SO,28,7,1
2021-02-05,SZ,19,6,3
2021-02-05,TG,30,0,0
2021-02-05,TI,43,1,0
2021-02-05,UR,3,0,0
2021-02-05,VD,189,10,5
2021-02-05,VS,101,6,4
2021-02-05,ZG,27,0,0
2021-02-05,ZH,230,34,5
2021-02-06,AG,54,3,1
2021-02-06,AI,1,0,0
2021-02-06,AR,3,0,0
2021-02-06,BE,85,13,3
2021-02-06,BL,18,4,0
2021-02-06,BS,23,0,0
2021-02-06,FL,4,0,0
2021-02-06,FR,42,0,0
2021-02-06,GE,87,1,1
2021-02-06,GL,1,0,0
2021-02-06,GR,19,1,0
2021-02-06,JU,5,0,0
2021-02-06,LU,33,1,0
2021-02-06,NE,26,0,0
2021-02-06,NW,9,0,0
2021-02-06,OW,2,0,0
2021-02-06,SG,46,2,1
2021-02-06,SH,3,0,0
2021-02-06,SO,22,9,2
2021-02-06,SZ,13,3,0
2021-02-06,TG,14,2,0
2021-02-06,TI,30,0,0
2021-02-06,UR,5,0,0
2021-02-06,VD,124,1,1
2021-02-06,VS,47,0,0
2021-02-06,ZG,16,1,0
2021-02-06,ZH,159,10,1
2021-02-07,AG,36,2,0
2021-02-07,AR,4,0,0
2021-02-07,BE,55,12,3
2021-02-07,BL,41,22,16
2021-02-07,BS,21,3,2
2021-02-07,FL,3,0,0
2021-02-07,FR,37,0,0
2021-02-07,GE,51,1,1
2021-02-07,GR,9,0,0
2021-02-07,JU,6,0,0
2021-02-07,LU,31,0,0
2021-02-07,NE,17,3,1
2021-02-07,NW,2,0,0
2021-02-07,SG,23,0,0
2021-02-07,SH,3,3,0
2021-02-07,SO,18,16,2
2021-02-07,SZ,6,1,0
2021-02-07,TG,9,5,4
2021-02-07,TI,21,0,0
2021-02-07,UR,6,0,0
2021-02-07,VD,96,0,0
2021-02-07,VS,46,0,0
2021-02-07,ZG,10,0,0
2021-02-07,ZH,125,7,0
2021-02-08,AG,99,7,1
2021-02-08,AI,3,0,0
2021-02-08,AR,19,0,0
2021-02-08,BE,187,8,5
2021-02-08,BL,51,13,3
2021-02-08,BS,27,1,0
2021-02-08,FL,5,0,0
2021-02-08,FR,77,0,0
2021-02-08,GE,158,2,1
2021-02-08,GL,15,1,0
2021-02-08,GR,37,2,0
2021-02-08,JU,11,0,0
2021-02-08,LU,63,1,0
2021-02-08,NE,41,0,0
2021-02-08,NW,15,0,0
2021-02-08,OW,13,0,0
2021-02-08,SG,117,2,2
2021-02-08,SH,5,2,0
2021-02-08,SO,41,4,1
2021-02-08,SZ,26,5,1
2021-02-08,TG,47,2,0
2021-02-08,TI,73,1,0
2021-02-08,UR,3,0,0
2021-02-08,VD,201,1,0
2021-02-08,VS,103,0,0
2021-02-08,ZG,25,0,0
2021-02-08,ZH,290,16,5
2021-02-09,AG,96,7,1
2021-02-09,AI,1,0,0
2021-02-09,AR,7,0,0
2021-02-09,BE,118,3,0
2021-02-09,BL,32,12,3
2021-02-09,BS,26,5,3
2021-02-09,FL,4,0,0
2021-02-09,FR,54,1,0
2021-02-09,GE,134,2,1
2021-02-09,GL,6,2,0
2021-02-09,GR,31,1,1
2021-02-09,JU,10,0,0
2021-02-09,LU,40,0,0
2021-02-09,NE,44,0,0
2021-02-09,NW,8,0,0
2021-02-09,OW,5,0,0
2021-02-09,SG,87,0,0
2021-02-09,SH,5,2,1
2021-02-09,SO,23,12,7
2021-02-09,SZ,22,2,0
2021-02-09,TG,27,0,0
2021-02-09,TI,62,5,0
2021-02-09,UR,6,0,0
2021-02-09,VD,192,10,7
2021-02-09,VS,56,1,1
2021-02-09,ZG,31,0,0
2021-02-09,ZH,224,16,1
2021-02-10,AG,85,5,2
2021-02-10,AI,1,0,0
2021-02-10,AR,6,0,0
2021-02-10,BE,105,1,0
2021-02-10,BL,44,9,6
2021-02-10,BS,14,2,1
2021-02-10,FL,2,0,0
2021-02-10,FR,48,0,0
2021-02-10,GE,142,1,0
2021-02-10,GL,5,0,0
2021-02-10,GR,29,2,2
2021-02-10,JU,11,0,0
2021-02-10,LU,34,0,0
2021-02-10,NE,57,1,1
2021-02-10,NW,8,0,0
2021-02-10,OW,3,0,0
2021-02-10,SG,67,1,0
2021-02-10,SH,4,0,0
2021-02-10,SO,25,4,2
2021-02-10,SZ,23,5,1
2021-02-10,TG,40,0,0
2021-02-10,TI,36,0,0
2021-02-10,UR,5,0,0
2021-02-10,VD,170,2,1
2021-02-10,VS,64,0,0
2021-02-10,ZG,19,0,0
2021-02-10,ZH,212,11,6
2021-02-11,AG,66,6,2
2021-02-11,AI,1,0,0
2021-02-11,AR,1,0,0
2021-02-11,BE,126,9,6
2021-02-11,BL,38,4,0
2021-02-11,BS,13,0,0
2021-02-11,FL,3,0,0
2021-02-11,FR,62,0,0
2021-02-11,GE,141,1,0
2021-02-11,GL,3,0,0
2021-02-11,GR,28,8,0
2021-02-11,JU,18,0,0
2021-02-11,LU,43,0,0
2021-02-11,NE,59,3,2
2021-02-11,OW,3,0,0
2021-02-11,SG,53,3,0
2021-02-11,SH,2,0,0
2021-02-11,SO,33,10,7
2021-02-11,SZ,16,1,0
2021-02-11,TG,28,0,0
2021-02-11,TI,40,1,1
2021-02-11,UR,3,0,0
2021-02-11,VD,134,5,4
2021-02-11,VS,73,5,4
2021-02-11,ZG,17,0,0
2021-02-11,ZH,171,14,6
2021-02-12,AG,98,6,0
2021-02-12,AR,4,0,0
2021-02-12,BE,102,5,2
2021-02-12,BL,38,10,4
2021-02-12,BS,19,4,3
2021-02-12,FR,42,0,0
2021-02-12,GE,112,2,1
2021-02-12,GL,3,0,0
2021-02-12,GR,20,1,1
2021-02-12,JU,10,0,0
2021-02-12,LU,33,1,0
2021-02-12,NE,41,4,3
2021-02-12,NW,2,0,0
2021-02-12,OW,3,0,0
2021-02-12,SG,58,0,0
2021-02-12,SH,5,2,0
2021-02-12,SO,24,6,2
2021-02-12,SZ,25,4,3
2021-02-12,TG,26,0,0
2021-02-12,TI,37,0,0
2021-02-12,UR,2,0,0
2021-02-12,VD,166,4,2
2021-02-12,VS,61,2,2
2021-02-12,ZG,19,0,0
2021-02-12,ZH,181,10,4
2021-02-13,AG,47,4,2
2021-02-13,AI,1,0,0
2021-02-13,BE,59,11,3
2021-02-13,BL,19,13,8
2021-02-13,BS,11,4,1
2021-02-13,FL,1,0,0
2021-02-13,FR,38,0,0
2021-02-13,GE,92,1,1
2021-02-13,GL,3,0,0
2021-02-13,GR,12,1,1
2021-02-13,JU,10,0,0
2021-02-13,LU,20,0,0
2021-02-13,NE,34,5,3
2021-02-13,NW,2,0,0
2021-02-13,OW,5,0,0
2021-02-13,SG,24,0,0
2021-02-13,SH,6,4,0
2021-02-13,SO,20,10,3
2021-02-13,SZ,2,2,0
2021-02-13,TG,21,6,2
2021-02-13,TI,20,0,0
2021-02-13,UR,2,1,0
2021-02-13,VD,115,10,7
2021-02-13,VS,34,2,2
2021-02-13,ZG,9,0,0
2021-02-13,ZH,112,6,3
2021-02-14,AG,23,3,0
2021-02-14,AR,2,0,0
2021-02-14,BE,48,4,0
2021-02-14,BL,14,5,1
2021-02-14,BS,7,0,0
2021-02-14,FL,1,0,0
2021-02-14,FR,11,0,0
2021-02-14,GE,47,0,0
2021-02-14,GL,1,0,0
2021-02-14,GR,10,2,2
2021-02-14,JU,9,0,0
2021-02-14,LU,16,0,0
2021-02-14,NE,19,3,0
2021-02-14,OW,7,0,0
2021-02-14,SG,12,0,0
2021-02-14,SH,5,0,0
2021-02-14,SO,14,9,3
2021-02-14,SZ,4,0,0
2021-02-14,TG,10,0,0
2021-02-14,TI,18,0,0
2021-02-14,VD,91,7,4
2021-02-14,VS,34,1,0
2021-02-14,ZG,8,0,0
2021-02-14,ZH,73,3,1
2021-02-15,AG,94,9,3
2021-02-15,AI,2,0,0
2021-02-15,AR,18,0,0
2021-02-15,BE,119,9,1
2021-02-15,BL,41,12,3
2021-02-15,BS,13,4,0
2021-02-15,FL,1,0,0
2021-02-15,FR,50,0,0
2021-02-15,GE,109,0,0
2021-02-15,GL,11,0,0
2021-02-15,GR,23,1,0
2021-02-15,JU,16,0,0
2021-02-15,LU,40,0,0
2021-02-15,NE,58,1,0
2021-02-15,NW,5,0,0
2021-02-15,OW,12,0,0
2021-02-15,SG,94,4,2
2021-02-15,SH,14,4,2
2021-02-15,SO,36,7,3
2021-02-15,SZ,21,0,0
2021-02-15,TG,49,0,0
2021-02-15,TI,40,1,0
2021-02-15,UR,2,0,0
2021-02-15,VD,198,16,12
2021-02-15,VS,62,2,2
2021-02-15,ZG,11,0,0
2021-02-15,ZH,168,4,0
2021-02-16,AG,58,4,2
2021-02-16,AI,1,0,0
2021-02-16,AR,2,0,0
2021-02-16,BE,85,11,2
2021-02-16,BL,22,13,3
2021-02-16,BS,11,2,1
2021-02-16,FL,1,0,0
2021-02-16,FR,41,0,0
2021-02-16,GE,133,1,0
2021-02-16,GL,1,0,0
2021-02-16,GR,25,1,1
2021-02-16,JU,13,1,0
2021-02-16,LU,47,1,0
2021-02-16,NE,53,1,1
2021-02-16,NW,7,0,0
2021-02-16,OW,10,0,0
2021-02-16,SG,52,2,1
2021-02-16,SH,4,0,0
2021-02-16,SO,40,11,7
2021-02-16,SZ,17,1,0
2021-02-16,TG,50,0,0
2021-02-16,TI,38,6,0
2021-02-16,UR,6,0,0
2021-02-16,VD,165,11,7
2021-02-16,VS,68,3,3
2021-02-16,ZG,14,0,0
2021-02-16,ZH,174,12,6
2021-02-17,AG,74,4,2
2021-02-17,AR,10,0,0
2021-02-17,BE,101,13,3
2021-02-17,BL,37,19,7
2021-02-17,BS,20,4,2
2021-02-17,FL,1,0,0
2021-02-17,FR,43,0,0
2021-02-17,GE,125,5,3
2021-02-17,GL,3,0,0
2021-02-17,GR,16,1,1
2021-02-17,JU,11,0,0
2021-02-17,LU,38,0,0
2021-02-17,NE,55,5,4
2021-02-17,NW,9,0,0
2021-02-17,OW,7,0,0
2021-02-17,SG,57,2,0
2021-02-17,SH,14,10,3
2021-02-17,SO,51,23,20
2021-02-17,SZ,17,3,1
2021-02-17,TG,41,0,0
2021-02-17,TI,52,10,1
2021-02-17,UR,3,0,0
2021-02-17,VD,149,8,6
2021-02-17,VS,57,1,1
2021-02-17,ZG,10,0,0
2021-02-17,ZH,215,12,2
2021-02-18,AG,54,2,0
2021-02-18,AI,2,0,0
2021-02-18,AR,4,0,0
2021-02-18,BE,85,3,0
2021-02-18,BL,37,9,1
2021-02-18,BS,13,4,2
2021-02-18,FL,2,0,0
2021-02-18,FR,41,0,0
2021-02-18,GE,82,1,1
2021-02-18,GL,2,0,0
2021-02-18,GR,18,4,0
2021-02-18,JU,12,0,0
2021-02-18,LU,25,1,0
2021-02-18,NE,76,1,0
2021-02-18,NW,4,0,0
2021-02-18,OW,6,0,0
2021-02-18,SG,45,2,0
2021-02-18,SH,3,3,2
2021-02-18,SO,34,9,5
2021-02-18,SZ,14,2,0
2021-02-18,TG,36,0,0
2021-02-18,TI,27,0,0
2021-02-18,UR,1,0,0
2021-02-18,VD,165,4,2
2021-02-18,VS,45,3,3
2021-02-18,ZG,7,0,0
2021-02-18,ZH,168,6,2
2021-02-19,AG,70,2,2
2021-02-19,AI,5,0,0
2021-02-19,AR,4,0,0
2021-02-19,BE,73,10,5
2021-02-19,BL,40,21,6
2021-02-19,BS,17,1,0
2021-02-19,FR,38,0,0
2021-02-19,GE,103,1,1
2021-02-19,GR,15,0,0
2021-02-19,JU,20,0,0
2021-02-19,LU,33,0,0
2021-02-19,NE,43,1,1
2021-02-19,NW,5,0,0
2021-02-19,OW,6,0,0
2021-02-19,SG,43,1,0
2021-02-19,SH,6,1,1
2021-02-19,SO,41,14,7
2021-02-19,SZ,20,2,0
2021-02-19,TG,45,0,0
2021-02-19,TI,50,0,0
2021-02-19,UR,11,0,0
2021-02-19,VD,193,4,4
2021-02-19,VS,49,1,1
2021-02-19,ZG,20,1,1
2021-02-19,ZH,145,15,8
2021-02-20,AG,37,1,1
2021-02-20,BE,49,5,1
2021-02-20,BL,16,1,1
2021-02-20,BS,9,0,0
2021-02-20,FL,1,0,0
2021-02-20,FR,33,0,0
2021-02-20,GE,71,1,1
2021-02-20,GL,4,0,0
2021-02-20,GR,11,2,2
2021-02-20,JU,8,0,0
2021-02-20,LU,24,0,0
2021-02-20,NE,28,0,0
2021-02-20,NW,2,0,0
2021-02-20,OW,4,0,0
2021-02-20,SG,23,1,1
2021-02-20,SH,5,0,0
2021-02-20,SO,18,9,5
2021-02-20,SZ,5,0,0
2021-02-20,TG,18,6,5
2021-02-20,TI,31,0,0
2021-02-20,VD,117,0,0
2021-02-20,VS,50,3,3
2021-02-20,ZG,9,0,0
2021-02-20,ZH,120,5,1
2021-02-21,AG,27,3,0
2021-02-21,BE,42,1,1
2021-02-21,BL,17,6,5
2021-02-21,BS,8,0,0
2021-02-21,FL,4,0,0
2021-02-21,FR,19,0,0
2021-02-21,GE,62,0,0
2021-02-21,GR,11,0,0
2021-02-21,JU,4,0,0
2021-02-21,LU,10,0,0
2021-02-21,NE,26,2,2
2021-02-21,NW,1,0,0
2021-02-21,OW,1,0,0
2021-02-21,SG,18,0,0
2021-02-21,SH,3,0,0
2021-02-21,SO,18,14,12
2021-02-21,SZ,2,0,0
2021-02-21,TG,10,6,6
2021-02-21,TI,32,0,0
2021-02-21,VD,101,0,0
2021-02-21,VS,36,4,4
2021-02-21,ZG,11,0,0
2021-02-21,ZH,66,3,3
2021-02-22,AG,90,7,7
2021-02-22,AR,4,0,0
2021-02-22,BE,112,9,5
2021-02-22,BL,27,16,6
2021-02-22,BS,27,4,1
2021-02-22,FL,3,0,0
2021-02-22,FR,90,0,0
2021-02-22,GE,134,2,2
2021-02-22,GL,8,0,0
2021-02-22,GR,34,1,1
2021-02-22,JU,10,0,0
2021-02-22,LU,47,0,0
2021-02-22,NE,43,4,1
2021-02-22,NW,1,0,0
2021-02-22,OW,6,0,0
2021-02-22,SG,86,2,1
2021-02-22,SH,7,1,1
2021-02-22,SO,34,9,7
2021-02-22,SZ,18,1,1
2021-02-22,TG,46,1,1
2021-02-22,TI,69,2,1
2021-02-22,UR,1,0,0
2021-02-22,VD,239,16,14
2021-02-22,VS,90,4,4
2021-02-22,ZG,6,1,0
2021-02-22,ZH,181,20,15
2021-02-23,AG,85,6,3
2021-02-23,AI,2,0,0
2021-02-23,AR,9,0,0
2021-02-23,BE,116,5,0
2021-02-23,BL,28,19,15
2021-02-23,BS,19,1,0
2021-02-23,FL,6,0,0
2021-02-23,FR,54,0,0
2021-02-23,GE,134,2,2
2021-02-23,GL,9,0,0
2021-02-23,GR,25,2,0
2021-02-23,JU,9,0,0
2021-02-23,LU,45,0,0
2021-02-23,NE,39,0,0
2021-02-23,NW,5,0,0
2021-02-23,OW,3,0,0
2021-02-23,SG,61,0,0
2021-02-23,SH,5,1,1
2021-02-23,SO,43,12,8
2021-02-23,SZ,16,1,0
2021-02-23,TG,33,0,0
2021-02-23,TI,58,2,0
2021-02-23,UR,1,0,0
2021-02-23,VD,190,11,7
2021-02-23,VS,76,3,3
2021-02-23,ZG,13,0,0
2021-02-23,ZH,182,14,10
2021-02-24,AG,73,7,4
2021-02-24,AI,3,0,0
2021-02-24,AR,6,0,0
2021-02-24,BE,106,3,2
2021-02-24,BL,29,8,5
2021-02-24,BS,15,0,0
2021-02-24,FL,7,0,0
2021-02-24,FR,51,0,0
2021-02-24,GE,101,0,0
2021-02-24,GL,2,0,0
2021-02-24,GR,23,0,0
2021-02-24,JU,5,0,0
2021-02-24,LU,46,2,2
2021-02-24,NE,42,2,1
2021-02-24,NW,9,0,0
2021-02-24,OW,3,0,0
2021-02-24,SG,58,2,2
2021-02-24,SH,8,1,1
2021-02-24,SO,34,15,10
2021-02-24,SZ,14,2,1
2021-02-24,TG,18,1,1
2021-02-24,TI,39,1,1
2021-02-24,UR,8,0,0
2021-02-24,VD,145,2,2
2021-02-24,VS,66,4,4
2021-02-24,ZG,14,0,0
2021-02-24,ZH,157,11,7
2021-02-25,AG,88,4,2
2021-02-25,AI,4,0,0
2021-02-25,AR,4,0,0
2021-02-25,BE,103,7,1
2021-02-25,BL,30,11,5
2021-02-25,BS,25,1,1
2021-02-25,FL,2,0,0
2021-02-25,FR,55,0,0
2021-02-25,GE,120,1,1
2021-02-25,GL,6,0,0
2021-02-25,GR,25,0,0
2021-02-25,JU,8,0,0
2021-02-25,LU,30,1,0
2021-02-25,NE,38,2,2
2021-02-25,NW,1,0,0
2021-02-25,OW,2,0,0
2021-02-25,SG,44,0,0
2021-02-25,SH,8,0,0
2021-02-25,SO,30,18,14
2021-02-25,SZ,24,1,0
2021-02-25,TG,32,0,0
2021-02-25,TI,56,1,1
2021-02-25,UR,3,0,0
2021-02-25,VD,156,4,3
2021-02-25,VS,72,0,0
2021-02-25,ZG,19,0,0
2021-02-25,ZH,138,1,0
2021-02-26,AG,94,3,2
2021-02-26,AR,4,0,0
2021-02-26,BE,113,4,1
2021-02-26,BL,39,15,4
2021-02-26,BS,17,0,0
2021-02-26,FL,1,0,0
2021-02-26,FR,42,0,0
2021-02-26,GE,79,0,0
2021-02-26,GL,3,0,0
2021-02-26,GR,21,1,1
2021-02-26,JU,27,1,0
2021-02-26,LU,32,0,0
2021-02-26,NE,39,1,1
2021-02-26,OW,3,0,0
2021-02-26,SG,54,0,0
2021-02-26,SH,3,0,0
2021-02-26,SO,43,3,1
2021-02-26,SZ,15,0,0
2021-02-26,TG,34,0,0
2021-02-26,TI,49,0,0
2021-02-26,UR,3,0,0
2021-02-26,VD,155,1,1
2021-02-26,VS,68,0,0
2021-02-26,ZG,10,0,0
2021-02-26,ZH,133,6,6
2021-02-27,AG,46,3,1
2021-02-27,AI,2,0,0
2021-02-27,AR,2,0,0
2021-02-27,BE,75,1,0
2021-02-27,BL,26,5,2
2021-02-27,BS,13,0,0
2021-02-27,FL,5,0,0
2021-02-27,FR,41,0,0
2021-02-27,GE,68,1,1
2021-02-27,GR,12,0,0
2021-02-27,JU,7,0,0
2021-02-27,LU,26,0,0
2021-02-27,NE,33,0,0
2021-02-27,OW,2,0,0
2021-02-27,SG,22,0,0
2021-02-27,SH,4,0,0
2021-02-27,SO,26,0,0
2021-02-27,SZ,11,0,0
2021-02-27,TG,16,0,0
2021-02-27,TI,32,0,0
2021-02-27,UR,3,0,0
2021-02-27,VD,125,1,1
2021-02-27,VS,31,0,0
2021-02-27,ZG,8,0,0
2021-02-27,ZH,92,2,2
2021-02-28,AG,34,0,0
2021-02-28,BE,29,0,0
2021-02-28,BL,9,0,0
2021-02-28,BS,17,0,0
2021-02-28,FL,4,0,0
2021-02-28,FR,32,0,0
2021-02-28,GE,42,0,0
2021-02-28,GL,1,0,0
2021-02-28,GR,7,0,0
2021-02-28,JU,15,0,0
2021-02-28,LU,10,0,0
2021-02-28,NE,25,0,0
2021-02-28,NW,2,0,0
2021-02-28,SG,13,0,0
2021-02-28,SH,4,0,0
2021-02-28,SO,24,0,0
2021-02-28,SZ,2,0,0
2021-02-28,TG,9,0,0
2021-02-28,TI,18,0,0
2021-02-28,VD,128,0,0
2021-02-28,VS,34,0,0
2021-02-28,ZG,11,0,0
2021-02-28,ZH,81,0,0
2021-03-01,AG,94,1,1
2021-03-01,AI,3,0,0
2021-03-01,AR,9,0,0
2021-03-01,BE,114,0,0
2021-03-01,BL,34,6,4
2021-03-01,BS,33,3,1
2021-03-01,FL,1,0,0
2021-03-01,FR,63,0,0
2021-03-01,GE,163,1,1
2021-03-01,GL,5,1,0
2021-03-01,GR,19,0,0
2021-03-01,JU,14,0,0
2021-03-01,LU,50,0,0
2021-03-01,NE,21,0,0
2021-03-01,NW,4,0,0
2021-03-01,OW,3,0,0
2021-03-01,SG,100,0,0
2021-03-01,SH,3,0,0
2021-03-01,SO,45,2,1
2021-03-01,SZ,29,0,0
2021-03-01,TG,46,0,0
2021-03-01,TI,72,1,1
2021-03-01,UR,5,0,0
2021-03-01,VD,203,4,3
2021-03-01,VS,89,5,5
2021-03-01,ZG,18,1,1
2021-03-01,ZH,181,4,2
2021-03-02,AG,69,0,0
2021-03-02,AR,6,0,0
2021-03-02,BE,108,2,0
2021-03-02,BL,56,14,10
2021-03-02,BS,23,0,0
2021-03-02,FL,5,0,0
2021-03-02,FR,65,0,0
2021-03-02,GE,87,0,0
2021-03-02,GL,7,0,0
2021-03-02,GR,23,0,0
2021-03-02,JU,17,0,0
2021-03-02,LU,41,0,0
2021-03-02,NE,42,0,0
2021-03-02,NW,11,0,0
2021-03-02,OW,8,0,0
2021-03-02,SG,65,2,2
2021-03-02,SH,3,1,1
2021-03-02,SO,35,11,7
2021-03-02,SZ,14,0,0
2021-03-02,TG,35,0,0
2021-03-02,TI,56,1,0
2021-03-02,UR,6,0,0
2021-03-02,VD,189,0,0
2021-03-02,VS,69,1,1
2021-03-02,ZG,9,0,0
2021-03-02,ZH,187,5,5
2021-03-03,AG,81,0,0
2021-03-03,AI,2,0,0
2021-03-03,AR,7,0,0
2021-03-03,BE,105,0,0
2021-03-03,BL,38,0,0
2021-03-03,BS,32,0,0
2021-03-03,FL,5,0,0
2021-03-03,FR,51,0,0
2021-03-03,GE,97,0,0
2021-03-03,GL,3,0,0
2021-03-03,GR,25,0,0
2021-03-03,JU,14,0,0
2021-03-03,LU,62,0,0
2021-03-03,NE,25,0,0
2021-03-03,NW,3,0,0
2021-03-03,OW,4,0,0
2021-03-03,SG,62,0,0
2021-03-03,SH,13,0,0
2021-03-03,SO,70,0,0
2021-03-03,SZ,14,0,0
2021-03-03,TG,38,0,0
2021-03-03,TI,55,0,0
2021-03-03,UR,2,0,0
2021-03-03,VD,153,0,0
2021-03-03,VS,60,0,0
2021-03-03,ZG,18,0,0
2021-03-03,ZH,205,0,0
2021-03-04,AG,58,0,0
2021-03-04,AI,1,0,0
2021-03-04,AR,7,0,0
2021-03-04,BE,95,0,0
2021-03-04,BL,42,0,0
2021-03-04,BS,20,0,0
2021-03-04,FL,2,0,0
2021-03-04,FR,50,0,0
2021-03-04,GE,94,0,0
2021-03-04,GL,3,0,0
2021-03-04,GR,27,0,0
2021-03-04,JU,8,0,0
2021-03-04,LU,60,0,0
2021-03-04,NE,22,0,0
2021-03-04,NW,3,0,0
2021-03-04,OW,5,0,0
2021-03-04,SG,46,0,0
2021-03-04,SH,8,0,0
2021-03-04,SO,23,0,0
2021-03-04,SZ,16,0,0
2021-03-04,TG,25,0,0
2021-03-04,TI,51,0,0
2021-03-04,UR,6,0,0
2021-03-04,VD,150,0,0
2021-03-04,VS,55,0,0
2021-03-04,ZG,12,0,0
2021-03-04,ZH,176,0,0
2021-03-05,AG,85,0,0
2021-03-05,AR,4,0,0
2021-03-05,BE,91,0,0
2021-03-05,BL,27,0,0
2021-03-05,BS,17,0,0
2021-03-05,FL,1,0,0
2021-03-05,FR,65,0,0
2021-03-05,GE,113,0,0
2021-03-05,GL,3,0,0
2021-03-05,GR,21,0,0
2021-03-05,JU,13,0,0
2021-03-05,LU,55,0,0
2021-03-05,NE,34,0,0
2021-03-05,NW,6,0,0
2021-03-05,OW,6,0,0
2021-03-05,SG,63,0,0
2021-03-05,SH,6,0,0
2021-03-05,SO,40,0,0
2021-03-05,SZ,14,0,0
2021-03-05,TG,51,0,0
2021-03-05,TI,61,0,0
2021-03-05,VD,184,0,0
2021-03-05,VS,92,0,0
2021-03-05,ZG,18,0,0
2021-03-05,ZH,207,0,0
2021-03-06,AG,52,0,0
2021-03-06,AR,5,0,0
2021-03-06,BE,48,0,0
2021-03-06,BL,21,0,0
2021-03-06,BS,12,0,0
2021-03-06,FL,2,0,0
2021-03-06,FR,48,0,0
2021-03-06,GE,80,0,0
2021-03-06,GL,1,0,0
2021-03-06,GR,17,0,0
2021-03-06,JU,7,0,0
2021-03-06,LU,40,0,0
2021-03-06,NE,18,0,0
2021-03-06,NW,5,0,0
2021-03-06,OW,4,0,0
2021-03-06,SG,26,0,0
2021-03-06,SH,8,0,0
2021-03-06,SO,19,0,0
2021-03-06,SZ,11,0,0
2021-03-06,TG,23,0,0
2021-03-06,TI,33,0,0
2021-03-06,UR,4,0,0
2021-03-06,VD,118,0,0
2021-03-06,VS,29,0,0
2021-03-06,ZG,13,0,0
2021-03-06,ZH,123,0,0
2021-03-07,AG,33,0,0
2021-03-07,AR,2,0,0
2021-03-07,BE,41,0,0
2021-03-07,BL,15,0,0
2021-03-07,BS,8,0,0
2021-03-07,FL,2,0,0
2021-03-07,FR,29,0,0
2021-03-07,GE,56,0,0
2021-03-07,GL,1,0,0
2021-03-07,GR,11,0,0
2021-03-07,JU,6,0,0
2021-03-07,LU,31,0,0
2021-03-07,NE,10,0,0
2021-03-07,NW,4,0,0
2021-03-07,SG,15,0,0
2021-03-07,SH,5,0,0
2021-03-07,SO,21,0,0
2021-03-07,SZ,2,0,0
2021-03-07,TG,20,0,0
2021-03-07,TI,23,0,0
2021-03-07,UR,10,0,0
2021-03-07,VD,82,0,0
2021-03-07,VS,29,0,0
2021-03-07,ZG,14,0,0
2021-03-07,ZH,112,0,0
2021-03-08,AG,135,0,0
2021-03-08,AI,4,0,0
2021-03-08,AR,15,0,0
2021-03-08,BE,123,0,0
2021-03-08,BL,52,0,0
2021-03-08,BS,16,0,0
2021-03-08,FR,56,0,0
2021-03-08,GE,140,0,0
2021-03-08,GL,5,0,0
2021-03-08,GR,37,0,0
2021-03-08,JU,8,0,0
2021-03-08,LU,87,0,0
2021-03-08,NE,40,0,0
2021-03-08,NW,5,0,0
2021-03-08,OW,8,0,0
2021-03-08,SG,107,0,0
2021-03-08,SH,8,0,0
2021-03-08,SO,51,0,0
2021-03-08,SZ,27,0,0
2021-03-08,TG,61,0,0
2021-03-08,TI,98,0,0
2021-03-08,UR,10,0,0
2021-03-08,VD,211,0,0
2021-03-08,VS,104,0,0
2021-03-08,ZG,25,0,0
2021-03-08,ZH,264,0,0
2021-03-09,AG,124,0,0
2021-03-09,AI,2,0,0
2021-03-09,AR,9,0,0
2021-03-09,BE,91,0,0
2021-03-09,BL,43,0,0
2021-03-09,BS,23,0,0
2021-03-09,FR,59,0,0
2021-03-09,GE,99,0,0
2021-03-09,GL,2,0,0
2021-03-09,GR,36,0,0
2021-03-09,JU,8,0,0
2021-03-09,LU,79,0,0
2021-03-09,NE,43,0,0
2021-03-09,NW,10,0,0
2021-03-09,OW,10,0,0
2021-03-09,SG,65,0,0
2021-03-09,SH,9,0,0
2021-03-09,SO,38,0,0
2021-03-09,SZ,22,0,0
2021-03-09,TG,39,0,0
2021-03-09,TI,76,0,0
2021-03-09,UR,7,0,0
2021-03-09,VD,177,0,0
2021-03-09,VS,66,0,0
2021-03-09,ZG,27,0,0
2021-03-09,ZH,222,0,0
2021-03-10,AG,124,0,0
2021-03-10,AI,1,0,0
2021-03-10,AR,10,0,0
2021-03-10,BE,108,0,0
2021-03-10,BL,56,0,0
2021-03-10,BS,44,0,0
2021-03-10,FL,7,0,0
2021-03-10,FR,63,0,0
2021-03-10,GE,119,0,0
2021-03-10,GL,2,0,0
2021-03-10,GR,23,0,0
2021-03-10,JU,5,0,0
2021-03-10,LU,71,0,0
2021-03-10,NE,36,0,0
2021-03-10,NW,6,0,0
2021-03-10,OW,4,0,0
2021-03-10,SG,57,0,0
2021-03-10,SH,12,0,0
2021-03-10,SO,47,0,0
2021-03-10,SZ,9,0,0
2021-03-10,TG,31,0,0
2021-03-10,TI,80,0,0
2021-03-10,UR,6,0,0
2021-03-10,VD,169,0,0
2021-03-10,VS,57,0,0
2021-03-10,ZG,15,0,0
2021-03-10,ZH,229,0,0
2021-03-11,AG,105,0,0
2021-03-11,AI,2,0,0
2021-03-11,AR,8,0,0
2021-03-11,BE,104,0,0
2021-03-11,BL,53,0,0
2021-03-11,BS,30,0,0
2021-03-11,FL,1,0,0
2021-03-11,FR,40,0,0
2021-03-11,GE,144,0,0
2021-03-11,GL,4,0,0
2021-03-11,GR,28,0,0
2021-03-11,JU,4,0,0
2021-03-11,LU,65,0,0
2021-03-11,NE,35,0,0
2021-03-11,NW,4,0,0
2021-03-11,OW,5,0,0
2021-03-11,SG,58,0,0
2021-03-11,SH,7,0,0
2021-03-11,SO,40,0,0
2021-03-11,SZ,20,0,0
2021-03-11,TG,30,0,0
2021-03-11,TI,76,0,0
2021-03-11,UR,6,0,0
2021-03-11,VD,153,0,0
2021-03-11,VS,78,0,0
2021-03-11,ZG,22,0,0
2021-03-11,ZH,203,0,0
2021-03-12,AG,99,0,0
2021-03-12,AI,2,0,0
2021-03-12,AR,4,0,0
2021-03-12,BE,94,0,0
2021-03-12,BL,37,0,0
2021-03-12,BS,30,0,0
2021-03-12,FL,4,0,0
2021-03-12,FR,59,0,0
2021-03-12,GE,143,0,0
2021-03-12,GL,4,0,0
2021-03-12,GR,35,0,0
2021-03-12,JU,12,0,0
2021-03-12,LU,76,0,0
2021-03-12,NE,26,0,0
2021-03-12,NW,5,0,0
2021-03-12,OW,8,0,0
2021-03-12,SG,63,0,0
2021-03-12,SH,10,0,0
2021-03-12,SO,24,0,0
2021-03-12,SZ,9,0,0
2021-03-12,TG,31,0,0
2021-03-12,TI,66,0,0
2021-03-12,UR,6,0,0
2021-03-12,VD,180,0,0
2021-03-12,VS,72,0,0
2021-03-12,ZG,22,0,0
2021-03-12,ZH,207,0,0
2021-03-13,AG,94,0,0
2021-03-13,AR,3,0,0
2021-03-13,BE,61,0,0
2021-03-13,BL,20,0,0
2021-03-13,BS,20,0,0
2021-03-13,FL,7,0,0
2021-03-13,FR,33,0,0
2021-03-13,GE,92,0,0
2021-03-13,GR,12,0,0
2021-03-13,JU,9,0,0
2021-03-13,LU,48,0,0
2021-03-13,NE,16,0,0
2021-03-13,NW,5,0,0
2021-03-13,SG,30,0,0
2021-03-13,SH,6,0,0
2021-03-13,SO,24,0,0
2021-03-13,SZ,8,0,0
2021-03-13,TG,15,0,0
2021-03-13,TI,55,0,0
2021-03-13,UR,6,0,0
2021-03-13,VD,111,0,0
2021-03-13,VS,42,0,0
2021-03-13,ZG,8,0,0
2021-03-13,ZH,162,0,0
2021-03-14,AG,44,0,0
2021-03-14,BE,45,0,0
2021-03-14,BL,31,0,0
2021-03-14,BS,14,0,0
2021-03-14,FL,3,0,0
2021-03-14,FR,7,0,0
2021-03-14,GE,47,0,0
2021-03-14,GR,3,0,0
2021-03-14,JU,2,0,0
2021-03-14,LU,26,0,0
2021-03-14,NE,6,0,0
2021-03-14,NW,3,0,0
2021-03-14,OW,1,0,0
2021-03-14,SG,11,0,0
2021-03-14,SH,5,0,0
2021-03-14,SO,18,0,0
2021-03-14,SZ,2,0,0
2021-03-14,TG,18,0,0
2021-03-14,TI,40,0,0
2021-03-14,UR,2,0,0
2021-03-14,VD,75,0,0
2021-03-14,VS,15,0,0
2021-03-14,ZG,12,0,0
2021-03-14,ZH,87,0,0
2021-03-15,GE,1,0,0
2021-03-15,VS,1,0,0
